r,delay,repetition,avgtime,congested,f,informed
206.0,5.0,0.0,1.5647626550646097,0.0,0.2,0.19979032142772046
206.0,5.0,1.0,1.5558963189172685,0.0,0.2,0.20058136057514026
206.0,5.0,2.0,1.5666120268459314,0.0,0.2,0.19993329998332499
206.0,5.0,3.0,1.5815363244860072,0.0,0.2,0.1976863480383486
206.0,5.0,4.0,1.5753623908259242,0.0,0.2,0.19978510113235173
206.0,5.0,5.0,1.5816216654852722,0.0,0.2,0.19864826543151526
206.0,5.0,6.0,1.576254783551786,0.0,0.2,0.20210223995668397
206.0,5.0,7.0,2.653964297735257,1.0,0.2,0.20028939151625924
206.0,5.0,8.0,1.574487402618885,0.0,0.2,0.19963217845277645
206.0,5.0,9.0,1.5673291929166584,0.0,0.2,0.20037646056042901
206.0,5.0,10.0,1.5599060644875287,0.0,0.2,0.19908118208543102
206.0,5.0,11.0,1.5698272486642726,0.0,0.2,0.20073117923356326
206.0,5.0,12.0,1.5714040006054575,0.0,0.2,0.1998645630375897
206.0,5.0,13.0,1.5704303410038087,0.0,0.2,0.20072728995652844
206.0,5.0,14.0,1.580022227835258,0.0,0.2,0.20092310598012134
206.0,5.0,15.0,1.5720791311244642,0.0,0.2,0.2045255612594923
206.0,5.0,16.0,1.5781080107112226,0.0,0.2,0.2034086348936572
206.0,5.0,17.0,1.563605176219601,0.0,0.2,0.1988825883922615
206.0,5.0,18.0,1.5650288012304154,0.0,0.2,0.2021214676850345
206.0,5.0,19.0,1.5751862016331852,0.0,0.2,0.19979407552930872
206.0,5.0,20.0,1.578284536669356,0.0,0.2,0.20195173882185946
206.0,5.0,21.0,9.00614401675497,1.0,0.2,0.20353722385391393
206.0,5.0,22.0,1.5742758646103272,0.0,0.2,0.19866052939853984
206.0,5.0,23.0,1.5648170375393469,0.0,0.2,0.20159441124404473
206.0,5.0,24.0,1.5770511207107873,0.0,0.2,0.2001894612196566
206.0,5.0,25.0,1.5665468975507808,0.0,0.2,0.1988081759132352
206.0,5.0,26.0,1.5815348635843798,0.0,0.2,0.1993048461150057
206.0,5.0,27.0,1.563275305755785,0.0,0.2,0.19927480051050228
206.0,5.0,28.0,4.438388272534088,1.0,0.2,0.20237303738556744
206.0,5.0,29.0,5.919921441751267,1.0,0.2,0.19852067811251484
206.0,5.0,30.0,1.574294183664789,0.0,0.2,0.20189326511605973
206.0,5.0,31.0,1.570576884995303,0.0,0.2,0.20141526737430035
206.0,5.0,32.0,1.5605696280724943,0.0,0.2,0.20069797634503378
206.0,5.0,33.0,1.580637080233114,0.0,0.2,0.20052838912084542
206.0,5.0,34.0,1.5834537441302075,0.0,0.2,0.20096055131397283
206.0,5.0,35.0,1.568773491980907,0.0,0.2,0.19983909705050695
206.0,5.0,36.0,1.5701838581819387,0.0,0.2,0.20030204654370756
206.0,5.0,37.0,2.5755637275671064,1.0,0.2,0.19858095156352817
206.0,5.0,38.0,1.5671285085241593,0.0,0.2,0.20095699489284521
206.0,5.0,39.0,1.558210390774233,0.0,0.2,0.20039930122285998
206.0,5.0,40.0,1.577729317171797,0.0,0.2,0.20150952296715607
206.0,5.0,41.0,1.5684122228086153,0.0,0.2,0.19915359721184964
206.0,5.0,42.0,1.5701079672332874,0.0,0.2,0.19968907981866946
206.0,5.0,43.0,1.5712471043857195,0.0,0.2,0.19889149435088468
206.0,5.0,44.0,1.5804548020958455,0.0,0.2,0.2001888016992153
206.0,5.0,45.0,1.5631468739027117,0.0,0.2,0.19837270528811218
206.0,5.0,46.0,1.5755437288082061,0.0,0.2,0.1992550549840369
206.0,5.0,47.0,1.552121132029514,0.0,0.2,0.19913052825186017
206.0,5.0,48.0,1.5725819106810628,0.0,0.2,0.2007247237733159
206.0,5.0,49.0,1.5860388230234992,0.0,0.2,0.1983475910170741
206.0,5.0,50.0,1.5763997642817704,0.0,0.2,0.20035184660432606
206.0,5.0,51.0,1.582912027197327,0.0,0.2,0.20074867446831124
206.0,5.0,52.0,1.5674585448152694,0.0,0.2,0.19943860147811257
206.0,5.0,53.0,1.5713062593982035,0.0,0.2,0.200146618897284
206.0,5.0,54.0,6.154987623566918,1.0,0.2,0.20128457739450856
206.0,5.0,55.0,1.579818344220506,0.0,0.2,0.20006357204242844
206.0,5.0,56.0,1.5609287622915724,0.0,0.2,0.20029311187103077
206.0,5.0,57.0,6.571459727764009,1.0,0.2,0.19875583203732503
206.0,5.0,58.0,1.5707450792564228,0.0,0.2,0.19984622663827775
206.0,5.0,59.0,1.5706784690437254,0.0,0.2,0.1997460754416982
206.0,5.0,60.0,1.571358868012912,0.0,0.2,0.19899211478034032
206.0,5.0,61.0,1.5682691662600683,0.0,0.2,0.20096413512104988
206.0,5.0,62.0,1.5853819278878045,0.0,0.2,0.20147379590874256
206.0,5.0,63.0,1.582486679648418,0.0,0.2,0.19751017759159833
206.0,5.0,64.0,1.5627961822415326,0.0,0.2,0.20181109473784284
206.0,5.0,65.0,14.558248787973945,1.0,0.2,0.2029362348987919
206.0,5.0,66.0,1.5648226604005815,0.0,0.2,0.19761535455912477
206.0,5.0,67.0,1.5668262675295885,0.0,0.2,0.20109593600304296
206.0,5.0,68.0,1.5722335129198115,0.0,0.2,0.19860048627171914
206.0,5.0,69.0,1.5731324376440312,0.0,0.2,0.19988397423754498
206.0,5.0,70.0,1.572571293478026,0.0,0.2,0.19941508696733248
206.0,5.0,71.0,1.583611537120775,0.0,0.2,0.20211212884692364
206.0,5.0,72.0,2.1432509443533707,1.0,0.2,0.19826791277258568
206.0,5.0,73.0,1.5647223437120303,0.0,0.2,0.1998930227029597
206.0,5.0,74.0,1.572765170993662,0.0,0.2,0.19805682772984934
206.0,5.0,75.0,21.24315764423512,1.0,0.2,0.19743007098473728
206.0,5.0,76.0,1.5767734340157065,0.0,0.2,0.197144406715714
206.0,5.0,77.0,1.5793897307303348,0.0,0.2,0.20161128133539968
206.0,5.0,78.0,1.5720048115186152,0.0,0.2,0.20204724782598393
206.0,5.0,79.0,1.5681363510117152,0.0,0.2,0.20120958638799444
206.0,5.0,80.0,1.5655652509962317,0.0,0.2,0.199793476712719
206.0,5.0,81.0,1.576994328211199,0.0,0.2,0.19792294332399957
206.0,5.0,82.0,1.5760919218525153,0.0,0.2,0.20011826621725504
206.0,5.0,83.0,1.5733400146279595,0.0,0.2,0.19999053635223696
206.0,5.0,84.0,1.5746929519993362,0.0,0.2,0.1987014679573001
206.0,5.0,85.0,1.5846914744646747,0.0,0.2,0.19965138738399207
206.0,5.0,86.0,1.5698278845037719,0.0,0.2,0.20114915350420884
206.0,5.0,87.0,1.579000571768835,0.0,0.2,0.19998819292756362
206.0,5.0,88.0,1.5796935084180093,0.0,0.2,0.203759833001144
206.0,5.0,89.0,1.57251981169964,0.0,0.2,0.20151222917726686
206.0,5.0,90.0,1.5725552262777678,0.0,0.2,0.1987081842549624
206.0,5.0,91.0,1.5733403771462249,0.0,0.2,0.1981437744045005
206.0,5.0,92.0,1.5708966820255514,0.0,0.2,0.20095404938330058
206.0,5.0,93.0,1.5653497978499602,0.0,0.2,0.19981901745529015
206.0,5.0,94.0,1.5754571270707851,0.0,0.2,0.1983074486443042
206.0,5.0,95.0,1.572318816598943,0.0,0.2,0.2016818683208597
206.0,5.0,96.0,1.5724619015735775,0.0,0.2,0.19904187366926898
206.0,5.0,97.0,1.5710388863975406,0.0,0.2,0.20125135305522845
206.0,5.0,98.0,1.5627817991843316,0.0,0.2,0.1987176442650202
206.0,5.0,99.0,1.555105713525504,0.0,0.2,0.2002120789696298
208.0,5.0,0.0,1.5811830202667603,0.0,0.2,0.20084586466165413
208.0,5.0,1.0,1.5855657973491608,0.0,0.2,0.2001684348426187
208.0,5.0,2.0,23.96237367096737,1.0,0.2,0.2012994011054147
208.0,5.0,3.0,1.5957887558498,0.0,0.2,0.20192330108404244
208.0,5.0,4.0,1.581864804332964,0.0,0.2,0.200928825247159
208.0,5.0,5.0,1.5938538992017206,0.0,0.2,0.2003833970380241
208.0,5.0,6.0,1.5813911931381548,0.0,0.2,0.19991998023040985
208.0,5.0,7.0,1.5861010977373788,0.0,0.2,0.19954096210595343
208.0,5.0,8.0,1.5925628637373828,0.0,0.2,0.20034469417185466
208.0,5.0,9.0,1.5935918837886585,0.0,0.2,0.201366667838766
208.0,5.0,10.0,1.583991813841502,0.0,0.2,0.19903924269718484
208.0,5.0,11.0,1.5853440878881855,0.0,0.2,0.2001643192488263
208.0,5.0,12.0,1.5941122095694003,0.0,0.2,0.2010223059197829
208.0,5.0,13.0,1.5922641725793891,0.0,0.2,0.19811817575395851
208.0,5.0,14.0,1.578829291323082,0.0,0.2,0.20115456063206905
208.0,5.0,15.0,1.592634477074238,0.0,0.2,0.20108338033464937
208.0,5.0,16.0,1.593652456211241,0.0,0.2,0.2029992770016559
208.0,5.0,17.0,1.589814813497099,0.0,0.2,0.20097369619277783
208.0,5.0,18.0,1.5773825818787448,0.0,0.2,0.19831605152835352
208.0,5.0,19.0,1.590339343052156,0.0,0.2,0.1996820981521955
208.0,5.0,20.0,1.593037714024629,0.0,0.2,0.19953761545018273
208.0,5.0,21.0,1.583979271032388,0.0,0.2,0.1988556420598443
208.0,5.0,22.0,1.582200922920292,0.0,0.2,0.1990344989991758
208.0,5.0,23.0,1.5913420398185354,0.0,0.2,0.20171174978867287
208.0,5.0,24.0,1.5779656710012968,0.0,0.2,0.20256991685563114
208.0,5.0,25.0,1.5890769932348854,0.0,0.2,0.2002158788262762
208.0,5.0,26.0,1.586243880487894,0.0,0.2,0.1991143165907062
208.0,5.0,27.0,1.57749401831838,0.0,0.2,0.1987934061531573
208.0,5.0,28.0,2.626904970119737,1.0,0.2,0.2003799686927204
208.0,5.0,29.0,1.5902553491398705,0.0,0.2,0.19858205976946733
208.0,5.0,30.0,17.83682220795362,1.0,0.2,0.20059946938858172
208.0,5.0,31.0,1.5868349434738371,0.0,0.2,0.20130382085407325
208.0,5.0,32.0,1.5865099730672492,0.0,0.2,0.20060526439262422
208.0,5.0,33.0,1.58952673004196,0.0,0.2,0.20176482946985083
208.0,5.0,34.0,1.5969173156584848,0.0,0.2,0.19955672207640712
208.0,5.0,35.0,1.5981740994095233,0.0,0.2,0.19944640219578288
208.0,5.0,36.0,1.5900127331209946,0.0,0.2,0.2011948216570228
208.0,5.0,37.0,3.123810483086118,1.0,0.2,0.20191377034755828
208.0,5.0,38.0,1.5867390523623786,0.0,0.2,0.19984706781954004
208.0,5.0,39.0,1.5826032752127244,0.0,0.2,0.19988710929231637
208.0,5.0,40.0,6.635701352208926,1.0,0.2,0.19953767914932963
208.0,5.0,41.0,1.579291356797204,0.0,0.2,0.19818143271065464
208.0,5.0,42.0,1.583356489757454,0.0,0.2,0.199419690579957
208.0,5.0,43.0,1.5775159172447053,0.0,0.2,0.20090903724691578
208.0,5.0,44.0,4.472950468511255,1.0,0.2,0.20027252036415907
208.0,5.0,45.0,9.79735521627859,1.0,0.2,0.20012131808531516
208.0,5.0,46.0,1.5865957528199892,0.0,0.2,0.19971153169633435
208.0,5.0,47.0,1.5903798814705365,0.0,0.2,0.19820925529800937
208.0,5.0,48.0,1.5856625611729789,0.0,0.2,0.19551961048233243
208.0,5.0,49.0,1.5976850885241152,0.0,0.2,0.20172765418786187
208.0,5.0,50.0,1.5877498851580154,0.0,0.2,0.20117134775413434
208.0,5.0,51.0,1.5819992849807507,0.0,0.2,0.19910430170889806
208.0,5.0,52.0,1.5958345907101208,0.0,0.2,0.1981186921538533
208.0,5.0,53.0,1.5863899195576976,0.0,0.2,0.20098555610178617
208.0,5.0,54.0,8.41096381538231,1.0,0.2,0.19879017013232514
208.0,5.0,55.0,1.5656383062286041,0.0,0.2,0.19930900197088786
208.0,5.0,56.0,1.5846154097489014,0.0,0.2,0.199531731651646
208.0,5.0,57.0,1.5696772540417319,0.0,0.2,0.20132024935409704
208.0,5.0,58.0,1.5844976753360533,0.0,0.2,0.19836175231478764
208.0,5.0,59.0,1.578274238495783,0.0,0.2,0.19957679421618763
208.0,5.0,60.0,27.915152371896845,1.0,0.2,0.1968166600465301
208.0,5.0,61.0,1.592007857097981,0.0,0.2,0.1994565281047589
208.0,5.0,62.0,1.5807402694970056,0.0,0.2,0.19973966884000188
208.0,5.0,63.0,1.5780330556397009,0.0,0.2,0.20171239723852424
208.0,5.0,64.0,1.591543466911116,0.0,0.2,0.19923156874423384
208.0,5.0,65.0,1.586239742746187,0.0,0.2,0.2004156246697897
208.0,5.0,66.0,1.5985541722710226,0.0,0.2,0.1998031726691192
208.0,5.0,67.0,1.5902148294214502,0.0,0.2,0.1981632676967049
208.0,5.0,68.0,1.5851875642401116,0.0,0.2,0.2005938284260012
208.0,5.0,69.0,1.5794748742566533,0.0,0.2,0.2002258318728755
208.0,5.0,70.0,1.5862594685912028,0.0,0.2,0.19912536784964768
208.0,5.0,71.0,1.577999024746334,0.0,0.2,0.19987775779587902
208.0,5.0,72.0,1.5764680815737366,0.0,0.2,0.1984825172361142
208.0,5.0,73.0,3.702514179693404,1.0,0.2,0.19834078704550367
208.0,5.0,74.0,1.5884749931633921,0.0,0.2,0.1977401129943503
208.0,5.0,75.0,1.5692787755159672,0.0,0.2,0.19858391152999125
208.0,5.0,76.0,1.5959488796282584,0.0,0.2,0.20026833109724085
208.0,5.0,77.0,1.6047720915474064,0.0,0.2,0.20230978102530037
208.0,5.0,78.0,1.5904890418393116,0.0,0.2,0.20016435783047665
208.0,5.0,79.0,1.5891831848064795,0.0,0.2,0.20073651865925457
208.0,5.0,80.0,1.5957547140405244,0.0,0.2,0.20070882298078715
208.0,5.0,81.0,1.5728999453630992,0.0,0.2,0.19915309215725593
208.0,5.0,82.0,1.5797340375342146,0.0,0.2,0.19967212728066142
208.0,5.0,83.0,1.5910334991030528,0.0,0.2,0.20005415778753666
208.0,5.0,84.0,45.953952586461845,1.0,0.2,0.1999809420957342
208.0,5.0,85.0,1.576823240340444,0.0,0.2,0.20371198568872986
208.0,5.0,86.0,1.5761185522239358,0.0,0.2,0.1995629493867193
208.0,5.0,87.0,1.5862411880341591,0.0,0.2,0.20034019590591823
208.0,5.0,88.0,1.5957506308910496,0.0,0.2,0.19925507769306874
208.0,5.0,89.0,1.5844679709090344,0.0,0.2,0.19985653978669113
208.0,5.0,90.0,24.612549076663612,1.0,0.2,0.19982022823198375
208.0,5.0,91.0,1.5934608414861078,0.0,0.2,0.20032540880944857
208.0,5.0,92.0,1.5902875446740221,0.0,0.2,0.20136682804459188
208.0,5.0,93.0,1.60159690366421,0.0,0.2,0.19931825296525177
208.0,5.0,94.0,2.620247723685432,1.0,0.2,0.20078825270650058
208.0,5.0,95.0,1.6032287781921417,0.0,0.2,0.1974741542719587
208.0,5.0,96.0,1.5818113597961816,0.0,0.2,0.200065857559507
208.0,5.0,97.0,1.5896304832627781,0.0,0.2,0.20017810273715786
208.0,5.0,98.0,1.592972501169639,0.0,0.2,0.19913075057696136
208.0,5.0,99.0,1.578377493253859,0.0,0.2,0.19907320286036884
210.0,5.0,0.0,1.5986927051870157,0.0,0.2,0.19932185282812917
210.0,5.0,1.0,13.84822063056271,1.0,0.2,0.20023922550741974
210.0,5.0,2.0,1.6170876333842126,0.0,0.2,0.19939817376867736
210.0,5.0,3.0,1.603056712338042,0.0,0.2,0.2009712234394786
210.0,5.0,4.0,1.624785267613008,0.0,0.2,0.19872082973206567
210.0,5.0,5.0,1.5910814479388744,0.0,0.2,0.20048700353019305
210.0,5.0,6.0,1.5933856175384837,0.0,0.2,0.20045239372245413
210.0,5.0,7.0,1.6101143077099456,0.0,0.2,0.20138238727648902
210.0,5.0,8.0,2.158812559379304,1.0,0.2,0.20095332289348608
210.0,5.0,9.0,1.6099375752424987,0.0,0.2,0.20054181717143651
210.0,5.0,10.0,1.6136107640260222,0.0,0.2,0.1989592508460433
210.0,5.0,11.0,1.6037375999445225,0.0,0.2,0.20117622494432072
210.0,5.0,12.0,1.5901315478923101,0.0,0.2,0.2001755720723357
210.0,5.0,13.0,8.99474226986486,1.0,0.2,0.19955750607522396
210.0,5.0,14.0,1.5989540043884887,0.0,0.2,0.20019332223089195
210.0,5.0,15.0,2.0455567561091414,1.0,0.2,0.2021281634328476
210.0,5.0,16.0,1.6246387968072529,0.0,0.2,0.1992390336421145
210.0,5.0,17.0,1.6062418947902133,0.0,0.2,0.20330078170304564
210.0,5.0,18.0,1.6073030752688993,0.0,0.2,0.20120892100326548
210.0,5.0,19.0,1.601827854261774,0.0,0.2,0.19898296820034134
210.0,5.0,20.0,1.601789245514709,0.0,0.2,0.20010227087836738
210.0,5.0,21.0,1.6029141364484407,0.0,0.2,0.20004642525533892
210.0,5.0,22.0,1.6149313006390114,0.0,0.2,0.19939039878079756
210.0,5.0,23.0,17.614583456646663,1.0,0.2,0.2006846952044797
210.0,5.0,24.0,1.6041224573589568,0.0,0.2,0.20070557825980648
210.0,5.0,25.0,1.596618745364433,0.0,0.2,0.1975636147858564
210.0,5.0,26.0,1.6139029616484588,0.0,0.2,0.19874251705012563
210.0,5.0,27.0,1.6201539144039332,0.0,0.2,0.19980605836719617
210.0,5.0,28.0,1.5949085199469206,0.0,0.2,0.20048359966358284
210.0,5.0,29.0,3.17870221969702,1.0,0.2,0.1986086652428591
210.0,5.0,30.0,1.621718114635363,0.0,0.2,0.2007422480172035
210.0,5.0,31.0,39.02372962005409,1.0,0.2,0.19922743766826642
210.0,5.0,32.0,1.5994174455720653,0.0,0.2,0.2011126921551704
210.0,5.0,33.0,1.599886887214999,0.0,0.2,0.19975287342923087
210.0,5.0,34.0,7.2195205938681895,1.0,0.2,0.20095159432766022
210.0,5.0,35.0,8.656278823013299,1.0,0.2,0.19989655360156802
210.0,5.0,36.0,1.59532137592046,0.0,0.2,0.20070894695724165
210.0,5.0,37.0,1.6088380805254032,0.0,0.2,0.20284998724578532
210.0,5.0,38.0,1.601922745505454,0.0,0.2,0.20095331328811505
210.0,5.0,39.0,1.6197713134871037,0.0,0.2,0.2010099952292852
210.0,5.0,40.0,1.6092373511555491,0.0,0.2,0.20034546318730365
210.0,5.0,41.0,1.6067072816892227,0.0,0.2,0.19996036002425033
210.0,5.0,42.0,1.6039006274076875,0.0,0.2,0.2014988671353047
210.0,5.0,43.0,7.918492806638367,1.0,0.2,0.2000984867137635
210.0,5.0,44.0,23.969460778947983,1.0,0.2,0.19882985452245414
210.0,5.0,45.0,1.6066711286185538,0.0,0.2,0.20056287785782123
210.0,5.0,46.0,1.5942603746885962,0.0,0.2,0.20002569673184292
210.0,5.0,47.0,1.589522718918332,0.0,0.2,0.19879679611990067
210.0,5.0,48.0,31.65182576139626,1.0,0.2,0.19783133483715223
210.0,5.0,49.0,1.604598887464422,0.0,0.2,0.20000231470765242
210.0,5.0,50.0,1.611262452223217,0.0,0.2,0.20246582623666848
210.0,5.0,51.0,1.6046068764920443,0.0,0.2,0.19955250527487306
210.0,5.0,52.0,3.49477940869333,1.0,0.2,0.1991504247876062
210.0,5.0,53.0,5.393752830969881,1.0,0.2,0.20050310482523265
210.0,5.0,54.0,1.6007979949131916,0.0,0.2,0.20069151784674846
210.0,5.0,55.0,8.649609012116553,1.0,0.2,0.19958852899114335
210.0,5.0,56.0,1.6050540415957557,0.0,0.2,0.1998540703936625
210.0,5.0,57.0,1.5927876542232255,0.0,0.2,0.20014949603485127
210.0,5.0,58.0,1.607801541664737,0.0,0.2,0.1983764880263097
210.0,5.0,59.0,1.5998239340460543,0.0,0.2,0.20115772554683314
210.0,5.0,60.0,1.6133908443991503,0.0,0.2,0.20100229789494348
210.0,5.0,61.0,1.6094388234815051,0.0,0.2,0.2007534358068042
210.0,5.0,62.0,2.6606379736066805,1.0,0.2,0.1988852637302882
210.0,5.0,63.0,1.61595660325038,0.0,0.2,0.19975397755625443
210.0,5.0,64.0,1.6150343296820593,0.0,0.2,0.19992601327136944
210.0,5.0,65.0,2.6321130679531604,1.0,0.2,0.1997818524851129
210.0,5.0,66.0,3.9547159019299754,1.0,0.2,0.1972816151339321
210.0,5.0,67.0,8.245947045588613,1.0,0.2,0.19904244649243988
210.0,5.0,68.0,10.32480700947781,1.0,0.2,0.20266049417145407
210.0,5.0,69.0,1.607984134670143,0.0,0.2,0.19965191158554274
210.0,5.0,70.0,1.5986067211952582,0.0,0.2,0.1998765978253277
210.0,5.0,71.0,1.6083834163160013,0.0,0.2,0.20084691687452869
210.0,5.0,72.0,1.6107046173165918,0.0,0.2,0.20249828765135422
210.0,5.0,73.0,9.155239341331992,1.0,0.2,0.20220349967595594
210.0,5.0,74.0,1.6085703271995524,0.0,0.2,0.19992358723212114
210.0,5.0,75.0,1.6068157490741173,0.0,0.2,0.1984900146127618
210.0,5.0,76.0,1.6001617488620339,0.0,0.2,0.20003028996819552
210.0,5.0,77.0,1.5981799217517247,0.0,0.2,0.1966102088976204
210.0,5.0,78.0,22.404774470632702,1.0,0.2,0.2040757230245774
210.0,5.0,79.0,4.225128553148811,1.0,0.2,0.19907188764091086
210.0,5.0,80.0,1.5998901368504461,0.0,0.2,0.19720017251226818
210.0,5.0,81.0,1.6120501350492045,0.0,0.2,0.20047065915466833
210.0,5.0,82.0,2.141161924508143,1.0,0.2,0.19992551114764204
210.0,5.0,83.0,1.5979287363575791,0.0,0.2,0.2009639172851608
210.0,5.0,84.0,6.202337508363038,1.0,0.2,0.20545936228593056
210.0,5.0,85.0,1.5957588172343544,0.0,0.2,0.20207482361678425
210.0,5.0,86.0,1.6024459550163872,0.0,0.2,0.20191266060175425
210.0,5.0,87.0,2.6831983605158203,1.0,0.2,0.20100157390184575
210.0,5.0,88.0,2.2557844484942446,1.0,0.2,0.19964930630325775
210.0,5.0,89.0,1.598671466067362,0.0,0.2,0.19935624063120955
210.0,5.0,90.0,1.6053360455996113,0.0,0.2,0.20025048705816867
210.0,5.0,91.0,4.464373007424928,1.0,0.2,0.19994002548916712
210.0,5.0,92.0,1.614382020186598,0.0,0.2,0.19977401656435287
210.0,5.0,93.0,1.6244985213631635,0.0,0.2,0.19938063258986047
210.0,5.0,94.0,1.5983334364369899,0.0,0.2,0.20232347616173807
210.0,5.0,95.0,2.561855797384547,1.0,0.2,0.19733016908929102
210.0,5.0,96.0,1.5949913458134408,0.0,0.2,0.20121745405449445
210.0,5.0,97.0,2.909446367873194,1.0,0.2,0.19857107044372024
210.0,5.0,98.0,1.6191025748927927,0.0,0.2,0.20219242009448893
210.0,5.0,99.0,1.6085646653452281,0.0,0.2,0.2022020980072401
212.0,5.0,0.0,1.6337546772302403,0.0,0.2,0.19984371049667884
212.0,5.0,1.0,1.6276721198679838,0.0,0.2,0.20018379185572338
212.0,5.0,2.0,8.332082455220489,1.0,0.2,0.19778011493821132
212.0,5.0,3.0,3.931345631698941,1.0,0.2,0.20151470327199575
212.0,5.0,4.0,1.631821168971592,0.0,0.2,0.20030495144851937
212.0,5.0,5.0,1.6286094137623404,0.0,0.2,0.19714216795506495
212.0,5.0,6.0,1.6270727358095012,0.0,0.2,0.19886526777613156
212.0,5.0,7.0,2.8200198486520764,1.0,0.2,0.197502116850127
212.0,5.0,8.0,1.6174700358719176,0.0,0.2,0.20027150778859207
212.0,5.0,9.0,1.620267727016433,0.0,0.2,0.20054534158632273
212.0,5.0,10.0,2.6049942043094845,1.0,0.2,0.20222243149072416
212.0,5.0,11.0,1.6259830031477889,0.0,0.2,0.19714469040744306
212.0,5.0,12.0,1.6215017484795107,0.0,0.2,0.2022309892949428
212.0,5.0,13.0,1.6160460616668857,0.0,0.2,0.20267501553903175
212.0,5.0,14.0,2.8971800414493547,1.0,0.2,0.19927083087523892
212.0,5.0,15.0,1.6155783119851947,0.0,0.2,0.20039258703308124
212.0,5.0,16.0,1.6250209498848578,0.0,0.2,0.19598353871620378
212.0,5.0,17.0,2.3040451145583267,1.0,0.2,0.19929767693138845
212.0,5.0,18.0,1.619885768063559,0.0,0.2,0.19929080471718816
212.0,5.0,19.0,12.652930578316717,1.0,0.2,0.199798533068908
212.0,5.0,20.0,1.6185450895690916,0.0,0.2,0.20115426790558089
212.0,5.0,21.0,1.6241094685620887,0.0,0.2,0.2009991826961817
212.0,5.0,22.0,17.901223400335525,1.0,0.2,0.19843897824030274
212.0,5.0,23.0,1.6254492895977712,0.0,0.2,0.19714498652754686
212.0,5.0,24.0,1.6256316612716784,0.0,0.2,0.2009713519890952
212.0,5.0,25.0,1.6233500396415266,0.0,0.2,0.20041484212952293
212.0,5.0,26.0,3.6435002905076677,1.0,0.2,0.1984568600174695
212.0,5.0,27.0,1.6390518704775712,0.0,0.2,0.20214294747249462
212.0,5.0,28.0,2.370145450537,1.0,0.2,0.20100621392297258
212.0,5.0,29.0,9.386745066157843,1.0,0.2,0.2016312513414896
212.0,5.0,30.0,1.6170778139961062,0.0,0.2,0.19988884128619894
212.0,5.0,31.0,14.265500980698326,1.0,0.2,0.19833907343628485
212.0,5.0,32.0,3.2350871243558394,1.0,0.2,0.1950023510445355
212.0,5.0,33.0,2.3172150562773854,1.0,0.2,0.20135855822720794
212.0,5.0,34.0,1.6299390636155973,0.0,0.2,0.2002133835052256
212.0,5.0,35.0,1.607812515228942,0.0,0.2,0.2012254223206868
212.0,5.0,36.0,1.6167102294110673,0.0,0.2,0.1982723869853153
212.0,5.0,37.0,8.995513870067645,1.0,0.2,0.2023541409934985
212.0,5.0,38.0,17.593184630013862,1.0,0.2,0.20063393579714053
212.0,5.0,39.0,1.6337494313843801,0.0,0.2,0.2011622965693875
212.0,5.0,40.0,3.006898308709801,1.0,0.2,0.1978265690840541
212.0,5.0,41.0,1.6371598610935967,0.0,0.2,0.19812218413600982
212.0,5.0,42.0,1.6234196930364135,0.0,0.2,0.1988637018427391
212.0,5.0,43.0,4.633437593390756,1.0,0.2,0.19769867122870333
212.0,5.0,44.0,1.6214682330575123,0.0,0.2,0.203959986677539
212.0,5.0,45.0,20.854858996347524,1.0,0.2,0.2003984252715458
212.0,5.0,46.0,1.6186844651081966,0.0,0.2,0.1997194660657415
212.0,5.0,47.0,1.6357197130602856,0.0,0.2,0.20168586231743163
212.0,5.0,48.0,1.6276164422724568,0.0,0.2,0.19890299900376737
212.0,5.0,49.0,3.2594997175632843,1.0,0.2,0.20061378598988908
212.0,5.0,50.0,6.116111104355913,1.0,0.2,0.20160010295568614
212.0,5.0,51.0,4.901005039974738,1.0,0.2,0.20026302895897263
212.0,5.0,52.0,3.697254870501415,1.0,0.2,0.20243602637166164
212.0,5.0,53.0,1.6093592858528891,0.0,0.2,0.19993745801579765
212.0,5.0,54.0,18.169389510400087,1.0,0.2,0.20047510844866764
212.0,5.0,55.0,1.6198408673450442,0.0,0.2,0.20068411111622977
212.0,5.0,56.0,1.6103755875242753,0.0,0.2,0.20171480144404333
212.0,5.0,57.0,5.704354805816285,1.0,0.2,0.19858469052978475
212.0,5.0,58.0,2.43783039269326,1.0,0.2,0.19968647253860133
212.0,5.0,59.0,1.6113825433281341,0.0,0.2,0.19702413856642711
212.0,5.0,60.0,13.170155805516885,1.0,0.2,0.2022099642246621
212.0,5.0,61.0,1.6433484335220117,0.0,0.2,0.20074596128323646
212.0,5.0,62.0,1.6198042860864614,0.0,0.2,0.19876634137359603
212.0,5.0,63.0,6.9047284940448685,1.0,0.2,0.20129746231635184
212.0,5.0,64.0,2.944396090969397,1.0,0.2,0.19987592685592745
212.0,5.0,65.0,26.60881753755342,1.0,0.2,0.20435590510349597
212.0,5.0,66.0,1.6314002913522458,0.0,0.2,0.19879095746514808
212.0,5.0,67.0,1.6034827352550236,0.0,0.2,0.20222541944167266
212.0,5.0,68.0,1.6242402445144632,0.0,0.2,0.20067968434997985
212.0,5.0,69.0,1.6122874020426623,0.0,0.2,0.19986388123060597
212.0,5.0,70.0,10.370281180983275,1.0,0.2,0.20150252652009504
212.0,5.0,71.0,1.6168104509523509,0.0,0.2,0.20029898804047838
212.0,5.0,72.0,1.6395783318084953,0.0,0.2,0.20018749714181186
212.0,5.0,73.0,1.61898208721213,0.0,0.2,0.20039499214635498
212.0,5.0,74.0,1.6225529185629115,0.0,0.2,0.2015983025243032
212.0,5.0,75.0,2.9623292328622055,1.0,0.2,0.19955103969754254
212.0,5.0,76.0,1.6188640644066286,0.0,0.2,0.1995178721784565
212.0,5.0,77.0,1.6268762846827067,0.0,0.2,0.20089383164255925
212.0,5.0,78.0,10.592557678692414,1.0,0.2,0.1996391476081338
212.0,5.0,79.0,1.6101654777559873,0.0,0.2,0.19992850223718805
212.0,5.0,80.0,28.42948802318292,1.0,0.2,0.20012833485525308
212.0,5.0,81.0,1.6187892103352386,0.0,0.2,0.20064329440518325
212.0,5.0,82.0,1.6264581523148507,0.0,0.2,0.1998849318221046
212.0,5.0,83.0,1.6178730593743182,0.0,0.2,0.1967445396737628
212.0,5.0,84.0,4.425072851453709,1.0,0.2,0.20003586478974267
212.0,5.0,85.0,1.6288677395531919,0.0,0.2,0.20039442272428468
212.0,5.0,86.0,1.614008485076106,0.0,0.2,0.20086428026714118
212.0,5.0,87.0,1.6311608342117054,0.0,0.2,0.20024090856946197
212.0,5.0,88.0,8.730350620374214,1.0,0.2,0.19779959777593753
212.0,5.0,89.0,1.6237266685185983,0.0,0.2,0.19677642182822933
212.0,5.0,90.0,8.46243358179601,1.0,0.2,0.20097064003953521
212.0,5.0,91.0,7.501552273804589,1.0,0.2,0.19968997397995902
212.0,5.0,92.0,1.6212084568012384,0.0,0.2,0.20129212059792248
212.0,5.0,93.0,3.404016610717142,1.0,0.2,0.20054827901309777
212.0,5.0,94.0,1.6146076742385334,0.0,0.2,0.2007020774587098
212.0,5.0,95.0,1.6242368670761018,0.0,0.2,0.20077473045357364
212.0,5.0,96.0,1.6419032383953207,0.0,0.2,0.20057076709722524
212.0,5.0,97.0,23.233661521790744,1.0,0.2,0.2009351961837962
212.0,5.0,98.0,1.6151204845162601,0.0,0.2,0.19939298120088167
212.0,5.0,99.0,1.6390704580263729,0.0,0.2,0.19935801903015019
214.0,5.0,0.0,1.6514389706363677,0.0,0.2,0.19740638936094984
214.0,5.0,1.0,8.0261151182439,1.0,0.2,0.19863783640812008
214.0,5.0,2.0,3.693041574441065,1.0,0.2,0.1973661852166525
214.0,5.0,3.0,1.6352435319311778,0.0,0.2,0.19815995148130772
214.0,5.0,4.0,1.6450233953961366,0.0,0.2,0.19763231672020248
214.0,5.0,5.0,9.260586360154734,1.0,0.2,0.20086626962642123
214.0,5.0,6.0,7.466561536458083,1.0,0.2,0.19665715577591716
214.0,5.0,7.0,2.8595270375775113,1.0,0.2,0.1983027939645049
214.0,5.0,8.0,1.6350139168823772,0.0,0.2,0.2014739488117002
214.0,5.0,9.0,24.265073415464474,1.0,0.2,0.19423020883924236
214.0,5.0,10.0,1.6310899649408057,0.0,0.2,0.2004251720117951
214.0,5.0,11.0,28.812563322294807,1.0,0.2,0.19778834377926663
214.0,5.0,12.0,1.6348425639013908,0.0,0.2,0.20035635150878314
214.0,5.0,13.0,1.6341118767966412,0.0,0.2,0.2004349608307524
214.0,5.0,14.0,8.48864336757408,1.0,0.2,0.20030667878237166
214.0,5.0,15.0,1.6431158666469579,0.0,0.2,0.19765669434649072
214.0,5.0,16.0,3.982301557884604,1.0,0.2,0.20187875605344535
214.0,5.0,17.0,8.317228333870617,1.0,0.2,0.19998533401774585
214.0,5.0,18.0,1.6503245523594143,0.0,0.2,0.19858607442431406
214.0,5.0,19.0,1.6315550145914088,0.0,0.2,0.20040946575013438
214.0,5.0,20.0,3.699930553525637,1.0,0.2,0.19799124388359515
214.0,5.0,21.0,1.6177621551306565,0.0,0.2,0.20037306558585113
214.0,5.0,22.0,1.6452272862418773,0.0,0.2,0.2012297882031428
214.0,5.0,23.0,4.237049601370516,1.0,0.2,0.19852746281843617
214.0,5.0,24.0,3.807238552110606,1.0,0.2,0.1954701938757021
214.0,5.0,25.0,1.6617347990775924,0.0,0.2,0.2001155885952586
214.0,5.0,26.0,2.1755918653446646,1.0,0.2,0.19892068598707938
214.0,5.0,27.0,5.470579596175405,1.0,0.2,0.19993240293483924
214.0,5.0,28.0,3.7438610542752295,1.0,0.2,0.20255137381667052
214.0,5.0,29.0,1.6553078594191306,0.0,0.2,0.19966867504056462
214.0,5.0,30.0,51.78241058533782,1.0,0.2,0.19971014492753622
214.0,5.0,31.0,8.770992708857234,1.0,0.2,0.19834710743801653
214.0,5.0,32.0,2.767481026770734,1.0,0.2,0.20270797755550135
214.0,5.0,33.0,2.6564024507116772,1.0,0.2,0.19933958443662192
214.0,5.0,34.0,1.6488250703377414,0.0,0.2,0.19736976826202204
214.0,5.0,35.0,2.5951468552422883,1.0,0.2,0.19925827242285674
214.0,5.0,36.0,3.0217630336854597,1.0,0.2,0.20060759493670885
214.0,5.0,37.0,1.646176247511377,0.0,0.2,0.1983379564626782
214.0,5.0,38.0,3.316391713780869,1.0,0.2,0.19838640329800955
214.0,5.0,39.0,3.1211902163738623,1.0,0.2,0.19953468082012504
214.0,5.0,40.0,1.637473607767661,0.0,0.2,0.2001306695093016
214.0,5.0,41.0,1.6361341955224167,0.0,0.2,0.1995825396644349
214.0,5.0,42.0,1.6432183355304688,0.0,0.2,0.19604941082711902
214.0,5.0,43.0,3.2711584522362376,1.0,0.2,0.19561281828227495
214.0,5.0,44.0,1.6251816451464633,0.0,0.2,0.20023176034603427
214.0,5.0,45.0,1.6607292514831038,0.0,0.2,0.19932006048960194
214.0,5.0,46.0,1.65311700329157,0.0,0.2,0.20019749611250467
214.0,5.0,47.0,1.6380017217538076,0.0,0.2,0.20091131742325
214.0,5.0,48.0,8.612314858356838,1.0,0.2,0.20008932559178205
214.0,5.0,49.0,1.651973377216586,0.0,0.2,0.1989612101787764
214.0,5.0,50.0,1.636269387865413,0.0,0.2,0.199527461991508
214.0,5.0,51.0,1.6371088774680198,0.0,0.2,0.20081513362939962
214.0,5.0,52.0,1.6631030006563354,0.0,0.2,0.20210500079305735
214.0,5.0,53.0,2.4894333345214976,1.0,0.2,0.19803334956747606
214.0,5.0,54.0,1.6432163988671902,0.0,0.2,0.19860654989965335
214.0,5.0,55.0,29.41828811847385,1.0,0.2,0.19836612204068022
214.0,5.0,56.0,1.6276112314873397,0.0,0.2,0.19969822363457626
214.0,5.0,57.0,1.6378325225553814,0.0,0.2,0.20260640541803962
214.0,5.0,58.0,1.638197070119737,0.0,0.2,0.20010979333691686
214.0,5.0,59.0,1.6275668572206679,0.0,0.2,0.20179803040181177
214.0,5.0,60.0,1.659697525612535,0.0,0.2,0.20095895403398478
214.0,5.0,61.0,10.323911386409286,1.0,0.2,0.19916761648188444
214.0,5.0,62.0,1.6435628794513513,0.0,0.2,0.19870267558909702
214.0,5.0,63.0,1.6316231474424305,0.0,0.2,0.1996285873788067
214.0,5.0,64.0,1.6278020075743058,0.0,0.2,0.20034753581105028
214.0,5.0,65.0,1.6639870316419991,0.0,0.2,0.19973387014227711
214.0,5.0,66.0,1.6529967185503733,0.0,0.2,0.200339424110426
214.0,5.0,67.0,1.637003653527796,0.0,0.2,0.19896077199794437
214.0,5.0,68.0,1.643233675854162,0.0,0.2,0.19990646850155697
214.0,5.0,69.0,1.6438474424198477,0.0,0.2,0.20005481892623428
214.0,5.0,70.0,1.6334722014465446,0.0,0.2,0.2014514914302668
214.0,5.0,71.0,1.637294830359035,0.0,0.2,0.20123817791383014
214.0,5.0,72.0,11.252765857567585,1.0,0.2,0.19704122522918152
214.0,5.0,73.0,1.6402700103471017,0.0,0.2,0.1993235548672163
214.0,5.0,74.0,1.673256507979124,0.0,0.2,0.20023391281637845
214.0,5.0,75.0,6.913605639611285,1.0,0.2,0.20271530590492431
214.0,5.0,76.0,3.7801177287605428,1.0,0.2,0.19951224990774463
214.0,5.0,77.0,1.634793427685488,0.0,0.2,0.201502747816569
214.0,5.0,78.0,1.6395847351403707,0.0,0.2,0.19768225152708796
214.0,5.0,79.0,19.469025489560615,1.0,0.2,0.19977073457880223
214.0,5.0,80.0,2.7823949960129712,1.0,0.2,0.19903325426308016
214.0,5.0,81.0,6.967364036544501,1.0,0.2,0.2016192310435837
214.0,5.0,82.0,18.831720348295157,1.0,0.2,0.2016779305523188
214.0,5.0,83.0,1.6540153151369703,0.0,0.2,0.20106799977276602
214.0,5.0,84.0,1.632147014193834,0.0,0.2,0.19921602687907844
214.0,5.0,85.0,1.6380888856542588,0.0,0.2,0.20191428048668925
214.0,5.0,86.0,1.6451057291220894,0.0,0.2,0.198033995494573
214.0,5.0,87.0,7.22331000967717,1.0,0.2,0.20188452872150528
214.0,5.0,88.0,1.8723033836491143,0.0,0.2,0.198285471323014
214.0,5.0,89.0,99.28550154222228,1.0,0.2,0.19974137073510395
214.0,5.0,90.0,1.6411768467730172,0.0,0.2,0.20141733900877562
214.0,5.0,91.0,9.520301352924006,1.0,0.2,0.2011439916800605
214.0,5.0,92.0,20.127860217782814,1.0,0.2,0.20014567400239322
214.0,5.0,93.0,1.6331098517327773,0.0,0.2,0.20118262140133786
214.0,5.0,94.0,3.7876196539475466,1.0,0.2,0.19905157777647678
214.0,5.0,95.0,3.8674149817214407,1.0,0.2,0.1983965448768864
214.0,5.0,96.0,6.223525778799493,1.0,0.2,0.20016220094201317
214.0,5.0,97.0,4.207354531055147,1.0,0.2,0.19794274092615768
214.0,5.0,98.0,15.233939966248977,1.0,0.2,0.19692514789755217
214.0,5.0,99.0,36.22728325063523,1.0,0.2,0.2019303717440782
216.0,5.0,0.0,1.6664610790335221,0.0,0.2,0.1970677794067892
216.0,5.0,1.0,1.6828052216824396,0.0,0.2,0.20104517529626356
216.0,5.0,2.0,1.6594771996994602,0.0,0.2,0.1996077724178351
216.0,5.0,3.0,3.7465858071403835,1.0,0.2,0.19931483914174586
216.0,5.0,4.0,1.6625375990295894,0.0,0.2,0.1989309154881927
216.0,5.0,5.0,3.6456079163685255,1.0,0.2,0.20442181428380007
216.0,5.0,6.0,16.927043027304983,1.0,0.2,0.19693763226689903
216.0,5.0,7.0,14.740044268308695,1.0,0.2,0.20129428719036355
216.0,5.0,8.0,5.133662450138571,1.0,0.2,0.19836397189296615
216.0,5.0,9.0,76.52858579220093,1.0,0.2,0.19750991927760295
216.0,5.0,10.0,8.896658964056297,1.0,0.2,0.20122461947260492
216.0,5.0,11.0,3.4472926756604316,1.0,0.2,0.19781548338683452
216.0,5.0,12.0,1.653308617693573,0.0,0.2,0.2003258434593714
216.0,5.0,13.0,1.66750946593372,0.0,0.2,0.19935687690398285
216.0,5.0,14.0,7.820875968403881,1.0,0.2,0.20061926115737774
216.0,5.0,15.0,7.813811020764615,1.0,0.2,0.20116551186160694
216.0,5.0,16.0,7.38058184016908,1.0,0.2,0.2011011781422059
216.0,5.0,17.0,44.24400100719903,1.0,0.2,0.20149225029806547
216.0,5.0,18.0,3.1491105892689295,1.0,0.2,0.19733003551496703
216.0,5.0,19.0,1.6559732714003983,0.0,0.2,0.20023551791294897
216.0,5.0,20.0,18.281968029581137,1.0,0.2,0.19645662711014542
216.0,5.0,21.0,5.382897832023842,1.0,0.2,0.19788833596598535
216.0,5.0,22.0,1.6796346378632934,0.0,0.2,0.19999774764629039
216.0,5.0,23.0,42.13222050308115,1.0,0.2,0.1979831621796651
216.0,5.0,24.0,2.7586094598308497,1.0,0.2,0.2010828069688346
216.0,5.0,25.0,12.134245316987377,1.0,0.2,0.19927148060852795
216.0,5.0,26.0,5.510163087223323,1.0,0.2,0.20122189002989732
216.0,5.0,27.0,1.6757325682773798,0.0,0.2,0.19861103269154762
216.0,5.0,28.0,2.059366611268962,1.0,0.2,0.2003596015992808
216.0,5.0,29.0,1.6668871512629684,0.0,0.2,0.19913210099188458
216.0,5.0,30.0,3.143355206882363,1.0,0.2,0.20021757404934976
216.0,5.0,31.0,20.73560232378915,1.0,0.2,0.19906462024899546
216.0,5.0,32.0,1.6448275882545973,0.0,0.2,0.20058119735736826
216.0,5.0,33.0,1.6534322304044184,0.0,0.2,0.20098998634501594
216.0,5.0,34.0,12.363211976627284,1.0,0.2,0.19547831436481083
216.0,5.0,35.0,1.6592387029183948,0.0,0.2,0.1975265416760786
216.0,5.0,36.0,1.6555181649599164,0.0,0.2,0.19987104364154656
216.0,5.0,37.0,4.0970728527445655,1.0,0.2,0.19761477836620658
216.0,5.0,38.0,5.019260214835861,1.0,0.2,0.2006119280299571
216.0,5.0,39.0,39.98700639392648,1.0,0.2,0.19692318549098478
216.0,5.0,40.0,1.6524455458210001,0.0,0.2,0.20075972332463998
216.0,5.0,41.0,1.6633833432223182,0.0,0.2,0.19876735172165133
216.0,5.0,42.0,1.6575155288548764,0.0,0.2,0.20248922389474397
216.0,5.0,43.0,2.733182656457858,1.0,0.2,0.19982158786797502
216.0,5.0,44.0,4.548218945934933,1.0,0.2,0.20287573224663688
216.0,5.0,45.0,5.117504031841217,1.0,0.2,0.1983287990672367
216.0,5.0,46.0,2.920936410812296,1.0,0.2,0.20407489350460656
216.0,5.0,47.0,1.6562929498163912,0.0,0.2,0.19865852143768561
216.0,5.0,48.0,74.41340309979375,1.0,0.2,0.19958267320993855
216.0,5.0,49.0,13.90013855679169,1.0,0.2,0.200098623888555
216.0,5.0,50.0,6.015856894921085,1.0,0.2,0.19953729205684698
216.0,5.0,51.0,18.40884916745669,1.0,0.2,0.19771039603960397
216.0,5.0,52.0,28.197062087080777,1.0,0.2,0.19650101419878296
216.0,5.0,53.0,1.6569396334158009,0.0,0.2,0.19949722685665328
216.0,5.0,54.0,3.87620034897662,1.0,0.2,0.20052248938693432
216.0,5.0,55.0,14.441767329734189,1.0,0.2,0.19852034525277434
216.0,5.0,56.0,6.8431391603664204,1.0,0.2,0.20100622903689505
216.0,5.0,57.0,5.807422083388113,1.0,0.2,0.2019912342405714
216.0,5.0,58.0,3.8775969496825735,1.0,0.2,0.2018031050605771
216.0,5.0,59.0,4.621667445546017,1.0,0.2,0.19554781124426585
216.0,5.0,60.0,1.6776144319243627,0.0,0.2,0.20024211431416028
216.0,5.0,61.0,28.99847188315772,1.0,0.2,0.2019421701166934
216.0,5.0,62.0,2.1797194429879694,1.0,0.2,0.20091435616227254
216.0,5.0,63.0,1.6570905455883773,0.0,0.2,0.19712863315226636
216.0,5.0,64.0,7.6031757222777046,1.0,0.2,0.19991973574537708
216.0,5.0,65.0,36.4618249746951,1.0,0.2,0.1987363584147042
216.0,5.0,66.0,10.984600023519215,1.0,0.2,0.199623005838812
216.0,5.0,67.0,1.6676955162109262,0.0,0.2,0.19996399882996196
216.0,5.0,68.0,4.661813558274725,1.0,0.2,0.20170429842613258
216.0,5.0,69.0,1.6814926690880585,0.0,0.2,0.19933596370541348
216.0,5.0,70.0,14.58682165285739,1.0,0.2,0.1973820279758341
216.0,5.0,71.0,6.270399590838112,1.0,0.2,0.19815722919461892
216.0,5.0,72.0,11.683529535549363,1.0,0.2,0.20084237249019155
216.0,5.0,73.0,1.6903996025148689,0.0,0.2,0.20229461819977998
216.0,5.0,74.0,2.0692293409562845,1.0,0.2,0.1973273519184439
216.0,5.0,75.0,5.680388593845014,1.0,0.2,0.1986509849757713
216.0,5.0,76.0,1.6708650702347734,0.0,0.2,0.2014227135769466
216.0,5.0,77.0,2.67855766440074,1.0,0.2,0.19941423301134922
216.0,5.0,78.0,1.638393272032445,0.0,0.2,0.19845519378431953
216.0,5.0,79.0,10.811246567828716,1.0,0.2,0.20068507417779527
216.0,5.0,80.0,2.2101164650116343,1.0,0.2,0.20004768418014582
216.0,5.0,81.0,1.679512703131677,0.0,0.2,0.2001031633007771
216.0,5.0,82.0,7.9452824447206165,1.0,0.2,0.1983476522159478
216.0,5.0,83.0,3.073991296632679,1.0,0.2,0.19636804627009546
216.0,5.0,84.0,6.41695305531783,1.0,0.2,0.198319750267122
216.0,5.0,85.0,1.6510147269170117,0.0,0.2,0.20140390602887065
216.0,5.0,86.0,1.6784522172132637,0.0,0.2,0.1998111701828727
216.0,5.0,87.0,1.6477397046016624,0.0,0.2,0.20140701236809258
216.0,5.0,88.0,4.233597629499499,1.0,0.2,0.2042630141202724
216.0,5.0,89.0,11.56994341988015,1.0,0.2,0.19594015685757596
216.0,5.0,90.0,1.6746728106099442,0.0,0.2,0.1999213129496403
216.0,5.0,91.0,2.9142761428264943,1.0,0.2,0.19993073593073593
216.0,5.0,92.0,1.685965827533129,0.0,0.2,0.2028199078755196
216.0,5.0,93.0,4.7994135921193175,1.0,0.2,0.19897019648508035
216.0,5.0,94.0,1.6643329628746308,0.0,0.2,0.20036403102177403
216.0,5.0,95.0,2.6117819602160814,1.0,0.2,0.1993697803897309
216.0,5.0,96.0,2.209535959129905,1.0,0.2,0.20120687150911756
216.0,5.0,97.0,2.5357290660460228,1.0,0.2,0.19872683402638738
216.0,5.0,98.0,1.6810586352315653,0.0,0.2,0.20196966977745873
216.0,5.0,99.0,3.4844212953392457,1.0,0.2,0.20067670851725264
218.0,5.0,0.0,2.246246094102771,1.0,0.2,0.19956651314007043
218.0,5.0,1.0,5.0529628532381246,1.0,0.2,0.2038419882574246
218.0,5.0,2.0,38.52667787732359,1.0,0.2,0.20245964642582628
218.0,5.0,3.0,1.6888873702648446,0.0,0.2,0.19953645409669835
218.0,5.0,4.0,2.3141889269145466,1.0,0.2,0.2006985299380198
218.0,5.0,5.0,1.6809981324600365,0.0,0.2,0.1989571561244699
218.0,5.0,6.0,1.892817682653281,0.0,0.2,0.19907221104404202
218.0,5.0,7.0,1.6694555419781372,0.0,0.2,0.19902527358290203
218.0,5.0,8.0,3.6272570558398107,1.0,0.2,0.2011889126978641
218.0,5.0,9.0,7.330824475750044,1.0,0.2,0.19556103575832307
218.0,5.0,10.0,2.9150574192363057,1.0,0.2,0.20256289386195603
218.0,5.0,11.0,1.6934160720477724,0.0,0.2,0.20067214505828235
218.0,5.0,12.0,9.344940690450718,1.0,0.2,0.20031023055770994
218.0,5.0,13.0,5.923796828302804,1.0,0.2,0.20197437215319994
218.0,5.0,14.0,4.034434716451813,1.0,0.2,0.20125961431278563
218.0,5.0,15.0,9.347451546924981,1.0,0.2,0.20033933384674624
218.0,5.0,16.0,7.892702288218133,1.0,0.2,0.19958556003926273
218.0,5.0,17.0,1.7031177885146185,0.0,0.2,0.20087082728592162
218.0,5.0,18.0,1.6831919871659473,0.0,0.2,0.19901848995014199
218.0,5.0,19.0,155.5075866617868,1.0,0.2,0.19930485685539193
218.0,5.0,20.0,1.6928755165165106,0.0,0.2,0.2021745946430171
218.0,5.0,21.0,1.6932329768811176,0.0,0.2,0.1994547729710404
218.0,5.0,22.0,10.274802537280188,1.0,0.2,0.19900941364671138
218.0,5.0,23.0,7.133273320566161,1.0,0.2,0.20060114217012323
218.0,5.0,24.0,9.349009831877147,1.0,0.2,0.19964372291192242
218.0,5.0,25.0,1.684269902155736,0.0,0.2,0.19934175911518096
218.0,5.0,26.0,4.694686256660199,1.0,0.2,0.20048558143796238
218.0,5.0,27.0,17.3731183951208,1.0,0.2,0.19907769946924214
218.0,5.0,28.0,1.6786714906363271,0.0,0.2,0.20191661062542032
218.0,5.0,29.0,1.6844732925506274,0.0,0.2,0.19752741105392704
218.0,5.0,30.0,2.621056042230837,1.0,0.2,0.20066083718213185
218.0,5.0,31.0,4.637332850167324,1.0,0.2,0.1992614913429002
218.0,5.0,32.0,12.421188234212686,1.0,0.2,0.1971001706910109
218.0,5.0,33.0,11.13647745360712,1.0,0.2,0.20210859690794683
218.0,5.0,34.0,2.224366532191906,1.0,0.2,0.19995052041916273
218.0,5.0,35.0,21.476021879237972,1.0,0.2,0.20393105348559531
218.0,5.0,36.0,24.140193768905643,1.0,0.2,0.19872007978723405
218.0,5.0,37.0,1.6697791938360411,0.0,0.2,0.1994622752478575
218.0,5.0,38.0,25.02847066348674,1.0,0.2,0.20252263906856405
218.0,5.0,39.0,9.406473515190669,1.0,0.2,0.19568318836577844
218.0,5.0,40.0,2.697820472811961,1.0,0.2,0.19992693873290887
218.0,5.0,41.0,4.573937353544213,1.0,0.2,0.20081147494142523
218.0,5.0,42.0,1.662026419847443,0.0,0.2,0.19680773173231805
218.0,5.0,43.0,9.149645215043053,1.0,0.2,0.19900623404108486
218.0,5.0,44.0,4.141943967940466,1.0,0.2,0.2031487823439878
218.0,5.0,45.0,6.694648189109691,1.0,0.2,0.20073113991359257
218.0,5.0,46.0,1.6921068003138584,0.0,0.2,0.1995921005706134
218.0,5.0,47.0,16.896571193296072,1.0,0.2,0.19580038178347423
218.0,5.0,48.0,2.8701783885499914,1.0,0.2,0.2002181651165461
218.0,5.0,49.0,19.001169797745455,1.0,0.2,0.19926161419341606
218.0,5.0,50.0,5.619914188225545,1.0,0.2,0.19996119142330454
218.0,5.0,51.0,19.814763334533325,1.0,0.2,0.19689166400802152
218.0,5.0,52.0,8.453273637775636,1.0,0.2,0.20172754876702245
218.0,5.0,53.0,4.299186053777453,1.0,0.2,0.20222634508348794
218.0,5.0,54.0,2.3928550187970976,1.0,0.2,0.19979108635097492
218.0,5.0,55.0,27.129271932647292,1.0,0.2,0.19933023822208693
218.0,5.0,56.0,6.738127842486201,1.0,0.2,0.19333858888450925
218.0,5.0,57.0,5.095366758519356,1.0,0.2,0.19643449419568823
218.0,5.0,58.0,1.7072080498914355,0.0,0.2,0.20118931848920782
218.0,5.0,59.0,9.586753819159952,1.0,0.2,0.19471153846153846
218.0,5.0,60.0,11.449508104582792,1.0,0.2,0.19675162820615905
218.0,5.0,61.0,1.6844251325531567,0.0,0.2,0.19957973800688514
218.0,5.0,62.0,24.2691743465212,1.0,0.2,0.19918925766404866
218.0,5.0,63.0,22.963640138449083,1.0,0.2,0.19933499584372402
218.0,5.0,64.0,52.97014952233497,1.0,0.2,0.20038070394980348
218.0,5.0,65.0,62.62131084777919,1.0,0.2,0.194148244473342
218.0,5.0,66.0,1.6813260547373412,0.0,0.2,0.19830756676392008
218.0,5.0,67.0,3.117521601397348,1.0,0.2,0.20174886683188023
218.0,5.0,68.0,1.6820909919211051,0.0,0.2,0.1984471980102624
218.0,5.0,69.0,1.6823697643511024,0.0,0.2,0.20017946273344175
218.0,5.0,70.0,1.6865351552542514,0.0,0.2,0.20124599461855372
218.0,5.0,71.0,17.62109320320324,1.0,0.2,0.19779193672415687
218.0,5.0,72.0,1.660512737101881,0.0,0.2,0.19926964519183085
218.0,5.0,73.0,5.631158749734927,1.0,0.2,0.19720997565308943
218.0,5.0,74.0,3.4375289549356007,1.0,0.2,0.19930769872383017
218.0,5.0,75.0,1.685268452346738,0.0,0.2,0.19745002290733146
218.0,5.0,76.0,1.6651965482601763,0.0,0.2,0.2000044980208708
218.0,5.0,77.0,25.207334838258138,1.0,0.2,0.20059438954261
218.0,5.0,78.0,1.7005363602449883,0.0,0.2,0.20135585685707935
218.0,5.0,79.0,1.6838058780838439,0.0,0.2,0.19930097348404224
218.0,5.0,80.0,1.690225067113455,0.0,0.2,0.20130925608425554
218.0,5.0,81.0,25.14120308901938,1.0,0.2,0.19662312475044208
218.0,5.0,82.0,1.691469547119628,0.0,0.2,0.2010990113356443
218.0,5.0,83.0,12.791492052058835,1.0,0.2,0.20013830461591656
218.0,5.0,84.0,7.803353862217532,1.0,0.2,0.19949998511860473
218.0,5.0,85.0,1.6856296264081156,0.0,0.2,0.20275328796665662
218.0,5.0,86.0,2.4538605774986513,1.0,0.2,0.20265666271102095
218.0,5.0,87.0,3.7675961945251926,1.0,0.2,0.19982838850202964
218.0,5.0,88.0,2.869500330364944,1.0,0.2,0.19838795276635265
218.0,5.0,89.0,5.569560158014636,1.0,0.2,0.19877317527052174
218.0,5.0,90.0,4.529964898154193,1.0,0.2,0.1981672394043528
218.0,5.0,91.0,34.08551190957261,1.0,0.2,0.1976397800183318
218.0,5.0,92.0,3.36025001886775,1.0,0.2,0.20258808402977957
218.0,5.0,93.0,20.27558252597265,1.0,0.2,0.19890543464426627
218.0,5.0,94.0,1.6791099527265985,0.0,0.2,0.1998525650333404
218.0,5.0,95.0,29.637085322037027,1.0,0.2,0.1990101544500384
218.0,5.0,96.0,4.038717874833379,1.0,0.2,0.19991664557998304
218.0,5.0,97.0,6.810705827248858,1.0,0.2,0.20125344697919278
218.0,5.0,98.0,40.49834355282019,1.0,0.2,0.1977621259803187
218.0,5.0,99.0,1.6627924173829074,0.0,0.2,0.19982465605611005
220.0,5.0,0.0,10.621637336430947,1.0,0.2,0.20077271163566118
220.0,5.0,1.0,5.909415992887596,1.0,0.2,0.1977200446078229
220.0,5.0,2.0,25.368664850296646,1.0,0.2,0.20115163147792706
220.0,5.0,3.0,7.206622939757287,1.0,0.2,0.19342621398620316
220.0,5.0,4.0,5.1362118607002945,1.0,0.2,0.1971638735117919
220.0,5.0,5.0,9.48302974823391,1.0,0.2,0.20306135855997898
220.0,5.0,6.0,24.746278226404694,1.0,0.2,0.19882479236115036
220.0,5.0,7.0,18.26435860861455,1.0,0.2,0.1989468405215647
220.0,5.0,8.0,9.82860112218336,1.0,0.2,0.2
220.0,5.0,9.0,2.7101688154231094,1.0,0.2,0.1998867625410486
220.0,5.0,10.0,9.868724197277984,1.0,0.2,0.19929920519613709
220.0,5.0,11.0,19.0897785783,1.0,0.2,0.2028672032193159
220.0,5.0,12.0,26.070794847467578,1.0,0.2,0.19683301966383282
220.0,5.0,13.0,9.829593274079565,1.0,0.2,0.19749400642330484
220.0,5.0,14.0,11.352210009520151,1.0,0.2,0.2009098428453267
220.0,5.0,15.0,7.154573375612798,1.0,0.2,0.19873515399583977
220.0,5.0,16.0,4.843987426367193,1.0,0.2,0.19841224675620306
220.0,5.0,17.0,3.346989158937801,1.0,0.2,0.2025041042783393
220.0,5.0,18.0,34.16742482939103,1.0,0.2,0.2042195048309179
220.0,5.0,19.0,30.588733215371608,1.0,0.2,0.19963499949305485
220.0,5.0,20.0,8.776231587504034,1.0,0.2,0.20128954679271882
220.0,5.0,21.0,2.6295357427122577,1.0,0.2,0.19895041569813043
220.0,5.0,22.0,7.488751249948885,1.0,0.2,0.2020927788149287
220.0,5.0,23.0,6.713181969339177,1.0,0.2,0.1978364015942304
220.0,5.0,24.0,3.5880819258510797,1.0,0.2,0.2002053633259307
220.0,5.0,25.0,5.206149523211732,1.0,0.2,0.19873389102419173
220.0,5.0,26.0,12.03887728772846,1.0,0.2,0.20098063741431932
220.0,5.0,27.0,1.9212124299079645,0.0,0.2,0.2010743417998541
220.0,5.0,28.0,3.5141234338639196,1.0,0.2,0.19930431325780162
220.0,5.0,29.0,1.7076835607040366,0.0,0.2,0.2009265709136343
220.0,5.0,30.0,4.166408414105397,1.0,0.2,0.19985106324295998
220.0,5.0,31.0,8.294136452999544,1.0,0.2,0.19519394512771995
220.0,5.0,32.0,93.37778269770058,1.0,0.2,0.19918725407985552
220.0,5.0,33.0,9.814095533442156,1.0,0.2,0.19737115760575683
220.0,5.0,34.0,6.336920234835118,1.0,0.2,0.20186522262334536
220.0,5.0,35.0,1.6907928293230476,0.0,0.2,0.19801859371186403
220.0,5.0,36.0,38.70879866084392,1.0,0.2,0.19664976307257462
220.0,5.0,37.0,26.93403735326396,1.0,0.2,0.1986360146334854
220.0,5.0,38.0,4.03916443565397,1.0,0.2,0.19879940589157521
220.0,5.0,39.0,2.881106387347842,1.0,0.2,0.20347178359070417
220.0,5.0,40.0,4.003996357480706,1.0,0.2,0.19917223479069115
220.0,5.0,41.0,23.225104088852174,1.0,0.2,0.1989531443598756
220.0,5.0,42.0,13.889005310426597,1.0,0.2,0.20198630447598748
220.0,5.0,43.0,1.697460396534513,0.0,0.2,0.19893196862657841
220.0,5.0,44.0,4.158511483740675,1.0,0.2,0.20030521462432627
220.0,5.0,45.0,3.7891757298801267,1.0,0.2,0.19973478837416578
220.0,5.0,46.0,4.074734970260657,1.0,0.2,0.19825946065374558
220.0,5.0,47.0,16.54229663770469,1.0,0.2,0.19959594104412506
220.0,5.0,48.0,7.275853231972722,1.0,0.2,0.1997596778383996
220.0,5.0,49.0,5.2952514305853065,1.0,0.2,0.1998181245846595
220.0,5.0,50.0,2.993500876980186,1.0,0.2,0.20036351047256362
220.0,5.0,51.0,6.376411480397461,1.0,0.2,0.19929771758214196
220.0,5.0,52.0,2.878876439542799,1.0,0.2,0.19887630932550326
220.0,5.0,53.0,18.326654109948333,1.0,0.2,0.20010763297156695
220.0,5.0,54.0,11.004219618575183,1.0,0.2,0.20013752669103543
220.0,5.0,55.0,1.7283426492996043,0.0,0.2,0.19856891261727275
220.0,5.0,56.0,27.957185782824965,1.0,0.2,0.20258841619682214
220.0,5.0,57.0,5.03055138270144,1.0,0.2,0.19571256789816313
220.0,5.0,58.0,6.929836670613855,1.0,0.2,0.20174890693316677
220.0,5.0,59.0,4.793420748662788,1.0,0.2,0.19681869313808686
220.0,5.0,60.0,11.340895237808885,1.0,0.2,0.2005283337308066
220.0,5.0,61.0,5.470519034600313,1.0,0.2,0.2002356780275562
220.0,5.0,62.0,4.630329947639327,1.0,0.2,0.19877806956428534
220.0,5.0,63.0,2.577896189604921,1.0,0.2,0.20106903218469238
220.0,5.0,64.0,4.540529155191135,1.0,0.2,0.20271667180500896
220.0,5.0,65.0,1.6935833915144107,0.0,0.2,0.19758877734074676
220.0,5.0,66.0,3.157077345021457,1.0,0.2,0.19895639371238039
220.0,5.0,67.0,8.216096154321464,1.0,0.2,0.19957231566393882
220.0,5.0,68.0,5.750525333753309,1.0,0.2,0.20360670720989912
220.0,5.0,69.0,9.437226274334558,1.0,0.2,0.19876272201157455
220.0,5.0,70.0,2.903774362711112,1.0,0.2,0.20138483965014578
220.0,5.0,71.0,4.21051422846996,1.0,0.2,0.20187878240448018
220.0,5.0,72.0,16.159077667522883,1.0,0.2,0.2088078967350038
220.0,5.0,73.0,3.3425634221458993,1.0,0.2,0.20209452857840743
220.0,5.0,74.0,4.0448524597160365,1.0,0.2,0.20013520157325468
220.0,5.0,75.0,22.634275956653607,1.0,0.2,0.20065510814931947
220.0,5.0,76.0,4.681786237571859,1.0,0.2,0.2000191463137363
220.0,5.0,77.0,5.884408431809539,1.0,0.2,0.2017113573320378
220.0,5.0,78.0,30.249780451683286,1.0,0.2,0.1964721229652317
220.0,5.0,79.0,13.361665599461796,1.0,0.2,0.19956240313611084
220.0,5.0,80.0,2.5793187034594176,1.0,0.2,0.201281617129907
220.0,5.0,81.0,2.071401236872231,1.0,0.2,0.19941823700518527
220.0,5.0,82.0,3.290113178836494,1.0,0.2,0.20020997854567033
220.0,5.0,83.0,3.9981243498078594,1.0,0.2,0.19986329939185754
220.0,5.0,84.0,6.781667012082148,1.0,0.2,0.20277191925278698
220.0,5.0,85.0,2.778065697679469,1.0,0.2,0.20407398150462383
220.0,5.0,86.0,5.588440861426464,1.0,0.2,0.20105729389912844
220.0,5.0,87.0,3.058824023577683,1.0,0.2,0.20047010430439255
220.0,5.0,88.0,5.326821849497187,1.0,0.2,0.19814015094027235
220.0,5.0,89.0,19.932909216336174,1.0,0.2,0.19847860981226884
220.0,5.0,90.0,19.24183795773145,1.0,0.2,0.19848728586346062
220.0,5.0,91.0,2.813344963227165,1.0,0.2,0.19778457068490662
220.0,5.0,92.0,5.830027019725148,1.0,0.2,0.19972809483074666
220.0,5.0,93.0,10.361460681371502,1.0,0.2,0.19635622098795244
220.0,5.0,94.0,10.549175400403431,1.0,0.2,0.20146833782700577
220.0,5.0,95.0,5.065462596679987,1.0,0.2,0.1991405228203081
220.0,5.0,96.0,29.903072150896268,1.0,0.2,0.20121244069583552
220.0,5.0,97.0,3.0078651261810516,1.0,0.2,0.20089007700836917
220.0,5.0,98.0,10.043502103181691,1.0,0.2,0.1968413457684188
220.0,5.0,99.0,10.18758954062254,1.0,0.2,0.20380065130467043
222.0,5.0,0.0,4.506299708821639,1.0,0.2,0.20175804322145785
222.0,5.0,1.0,6.074741078623233,1.0,0.2,0.19703015096047058
222.0,5.0,2.0,5.129464376445554,1.0,0.2,0.20066124685794515
222.0,5.0,3.0,3.391686125803145,1.0,0.2,0.19852514973916405
222.0,5.0,4.0,6.694814432674712,1.0,0.2,0.19714591509097396
222.0,5.0,5.0,13.584405254917131,1.0,0.2,0.19910936674465998
222.0,5.0,6.0,24.0134304505993,1.0,0.2,0.1995145849251652
222.0,5.0,7.0,2.960365722901045,1.0,0.2,0.19652538409575113
222.0,5.0,8.0,6.535658641280252,1.0,0.2,0.2010561372978487
222.0,5.0,9.0,2.8741030939640475,1.0,0.2,0.2006339735222823
222.0,5.0,10.0,10.424688306225885,1.0,0.2,0.19992621136345004
222.0,5.0,11.0,4.718470187313263,1.0,0.2,0.20398985447284632
222.0,5.0,12.0,22.783719817684574,1.0,0.2,0.20303166327129588
222.0,5.0,13.0,30.50592505366574,1.0,0.2,0.19811570854660768
222.0,5.0,14.0,3.2631190893789186,1.0,0.2,0.20174305033809167
222.0,5.0,15.0,17.981769180647273,1.0,0.2,0.20191906549853983
222.0,5.0,16.0,27.405150317990618,1.0,0.2,0.20073674656985746
222.0,5.0,17.0,1.7517815485429804,0.0,0.2,0.20041211350658175
222.0,5.0,18.0,17.05938904801708,1.0,0.2,0.203784175267065
222.0,5.0,19.0,3.404119053179639,1.0,0.2,0.19818602099984328
222.0,5.0,20.0,8.138382302725795,1.0,0.2,0.19958524829055038
222.0,5.0,21.0,20.82573242376114,1.0,0.2,0.20654768671137888
222.0,5.0,22.0,4.53724149869344,1.0,0.2,0.19919267604147428
222.0,5.0,23.0,7.505109536409921,1.0,0.2,0.20029037939734373
222.0,5.0,24.0,3.886162888085315,1.0,0.2,0.19827873139650992
222.0,5.0,25.0,2.1658324812383216,1.0,0.2,0.19940897059356757
222.0,5.0,26.0,12.118692700374808,1.0,0.2,0.1997616503657434
222.0,5.0,27.0,37.97414274340076,1.0,0.2,0.20158834418104735
222.0,5.0,28.0,3.15325723560814,1.0,0.2,0.20090192189639702
222.0,5.0,29.0,6.470142634216254,1.0,0.2,0.19834151294635302
222.0,5.0,30.0,11.426180119898472,1.0,0.2,0.19652650822669104
222.0,5.0,31.0,3.818239015057349,1.0,0.2,0.20452484958377978
222.0,5.0,32.0,3.659520024596426,1.0,0.2,0.20052794260316315
222.0,5.0,33.0,2.789268106087757,1.0,0.2,0.20030766466796918
222.0,5.0,34.0,3.0191302933497948,1.0,0.2,0.20359281437125748
222.0,5.0,35.0,18.125009029480985,1.0,0.2,0.2024568496345825
222.0,5.0,36.0,8.062938666165126,1.0,0.2,0.20190171618289676
222.0,5.0,37.0,5.242670753956228,1.0,0.2,0.20086265223274696
222.0,5.0,38.0,2.4251170552777213,1.0,0.2,0.1985921353769332
222.0,5.0,39.0,56.69635732340801,1.0,0.2,0.2009068500654271
222.0,5.0,40.0,6.658190876670859,1.0,0.2,0.19703945265042522
222.0,5.0,41.0,1.7206235179579468,0.0,0.2,0.20122226504432086
222.0,5.0,42.0,33.74033781556079,1.0,0.2,0.2017194286481888
222.0,5.0,43.0,7.684162397249821,1.0,0.2,0.19937666561271963
222.0,5.0,44.0,47.62531224347631,1.0,0.2,0.20062988077256805
222.0,5.0,45.0,2.9003520201137216,1.0,0.2,0.20292661932429523
222.0,5.0,46.0,5.402223486839039,1.0,0.2,0.20134228187919462
222.0,5.0,47.0,13.050930073202098,1.0,0.2,0.2008976897689769
222.0,5.0,48.0,2.3461751616772673,1.0,0.2,0.19881937548273199
222.0,5.0,49.0,8.249807277843182,1.0,0.2,0.20354609929078013
222.0,5.0,50.0,3.5702407951839183,1.0,0.2,0.19930618650367557
222.0,5.0,51.0,9.551105047383661,1.0,0.2,0.1993024694830399
222.0,5.0,52.0,7.002159963894871,1.0,0.2,0.20179995909183882
222.0,5.0,53.0,5.466515454997951,1.0,0.2,0.20168776371308017
222.0,5.0,54.0,4.806440978714096,1.0,0.2,0.20002401609078083
222.0,5.0,55.0,84.85422372318529,1.0,0.2,0.19970193740685543
222.0,5.0,56.0,6.907378560042492,1.0,0.2,0.19845138096719556
222.0,5.0,57.0,3.5558610729650946,1.0,0.2,0.20121616906743758
222.0,5.0,58.0,28.647077132543323,1.0,0.2,0.20198027870589194
222.0,5.0,59.0,21.55264198819375,1.0,0.2,0.19718131030980193
222.0,5.0,60.0,23.52420820282287,1.0,0.2,0.19712846347607052
222.0,5.0,61.0,3.9866344510294494,1.0,0.2,0.20156004081703247
222.0,5.0,62.0,6.600546875370205,1.0,0.2,0.20339476236663434
222.0,5.0,63.0,2.726680305326701,1.0,0.2,0.20001079583280854
222.0,5.0,64.0,1.7156924545027916,0.0,0.2,0.20024856470381205
222.0,5.0,65.0,12.286594227783535,1.0,0.2,0.1984599543358553
222.0,5.0,66.0,3.2378746471299173,1.0,0.2,0.20204278148428365
222.0,5.0,67.0,75.92701078651801,1.0,0.2,0.20514411416323539
222.0,5.0,68.0,9.233852415157939,1.0,0.2,0.20098976493082893
222.0,5.0,69.0,4.692369564961324,1.0,0.2,0.20427062261182288
222.0,5.0,70.0,11.375887994318404,1.0,0.2,0.19637566319851169
222.0,5.0,71.0,66.99630395508234,1.0,0.2,0.19526325841981282
222.0,5.0,72.0,2.320918093037662,1.0,0.2,0.19863168083159863
222.0,5.0,73.0,19.474491754535723,1.0,0.2,0.19644611125993391
222.0,5.0,74.0,8.855022799374643,1.0,0.2,0.20135498277885017
222.0,5.0,75.0,4.5480817267366875,1.0,0.2,0.1981585972091239
222.0,5.0,76.0,11.93760307307632,1.0,0.2,0.2052028732284993
222.0,5.0,77.0,8.41244756615885,1.0,0.2,0.20068862926005784
222.0,5.0,78.0,27.414358711297226,1.0,0.2,0.20202684006640842
222.0,5.0,79.0,21.921412359652173,1.0,0.2,0.19960539296284116
222.0,5.0,80.0,5.05082746645277,1.0,0.2,0.20142709982161253
222.0,5.0,81.0,3.64095731202729,1.0,0.2,0.20375801721081638
222.0,5.0,82.0,5.818881569678073,1.0,0.2,0.1956510745891277
222.0,5.0,83.0,27.561800148609116,1.0,0.2,0.1965657478535924
222.0,5.0,84.0,17.231636520589408,1.0,0.2,0.20158265955616722
222.0,5.0,85.0,3.1742450865102336,1.0,0.2,0.19937366376584661
222.0,5.0,86.0,3.7781702945971736,1.0,0.2,0.19884049968941955
222.0,5.0,87.0,8.084405487201492,1.0,0.2,0.20530432166850496
222.0,5.0,88.0,10.97878727497492,1.0,0.2,0.19890238489165085
222.0,5.0,89.0,3.8753739349084846,1.0,0.2,0.20123422022504928
222.0,5.0,90.0,12.33807937996498,1.0,0.2,0.20059531802515554
222.0,5.0,91.0,11.558196735818846,1.0,0.2,0.19925301341180465
222.0,5.0,92.0,3.827885931866605,1.0,0.2,0.199190084672966
222.0,5.0,93.0,4.414943042708176,1.0,0.2,0.19734024837036684
222.0,5.0,94.0,13.717563429466615,1.0,0.2,0.20192431045542014
222.0,5.0,95.0,14.377015478359644,1.0,0.2,0.19836083978893004
222.0,5.0,96.0,5.776183469961425,1.0,0.2,0.1987352739593167
222.0,5.0,97.0,3.4639059684970936,1.0,0.2,0.20059479553903345
222.0,5.0,98.0,59.946653506296045,1.0,0.2,0.1984203429011751
222.0,5.0,99.0,4.99455138504508,1.0,0.2,0.19985256777786878
224.0,5.0,0.0,14.208458430049406,1.0,0.2,0.2054248301663877
224.0,5.0,1.0,9.893434911771116,1.0,0.2,0.20465717981888745
224.0,5.0,2.0,24.387472280559006,1.0,0.2,0.20369634340222575
224.0,5.0,3.0,4.9751516563427005,1.0,0.2,0.19660920935502144
224.0,5.0,4.0,3.676214718796457,1.0,0.2,0.20169202659337623
224.0,5.0,5.0,12.211498474187117,1.0,0.2,0.20484743700573113
224.0,5.0,6.0,10.785594294247932,1.0,0.2,0.19801390268123137
224.0,5.0,7.0,11.987758539660668,1.0,0.2,0.20269994622359858
224.0,5.0,8.0,35.67397945243661,1.0,0.2,0.19944459872257705
224.0,5.0,9.0,21.662731191145834,1.0,0.2,0.20534739568877788
224.0,5.0,10.0,7.312715862243162,1.0,0.2,0.19723036126434335
224.0,5.0,11.0,14.623358354399462,1.0,0.2,0.19930547310934346
224.0,5.0,12.0,15.311036106828452,1.0,0.2,0.20301424101155885
224.0,5.0,13.0,2.95045919196573,1.0,0.2,0.20044183872886395
224.0,5.0,14.0,5.81136398053019,1.0,0.2,0.2006087190045654
224.0,5.0,15.0,120.09300970458716,1.0,0.2,0.19743443195529306
224.0,5.0,16.0,3.0798423393729517,1.0,0.2,0.19738422985822662
224.0,5.0,17.0,11.678728923224616,1.0,0.2,0.20394790065528678
224.0,5.0,18.0,107.13144363686168,1.0,0.2,0.20182987141444114
224.0,5.0,19.0,4.857478856070285,1.0,0.2,0.19844276644109424
224.0,5.0,20.0,15.553293174310891,1.0,0.2,0.1974879504040422
224.0,5.0,21.0,18.735494838567394,1.0,0.2,0.20115503724576625
224.0,5.0,22.0,19.17567543195026,1.0,0.2,0.20263362595843984
224.0,5.0,23.0,12.969080853045913,1.0,0.2,0.20086320450660014
224.0,5.0,24.0,5.433047753046917,1.0,0.2,0.1992449746054603
224.0,5.0,25.0,3.9888086762459745,1.0,0.2,0.20291392207212236
224.0,5.0,26.0,8.299957910664629,1.0,0.2,0.198486328125
224.0,5.0,27.0,5.89216272094133,1.0,0.2,0.1956935199021872
224.0,5.0,28.0,4.203219753275672,1.0,0.2,0.2006746305372817
224.0,5.0,29.0,12.75888154078281,1.0,0.2,0.19815404201145767
224.0,5.0,30.0,2.478492317925524,1.0,0.2,0.19922048617046736
224.0,5.0,31.0,3.017713042234779,1.0,0.2,0.20066542454085706
224.0,5.0,32.0,11.64527756537461,1.0,0.2,0.20074809683112504
224.0,5.0,33.0,68.69551792877586,1.0,0.2,0.2026131354454064
224.0,5.0,34.0,3.1176111713329404,1.0,0.2,0.20066095838966502
224.0,5.0,35.0,15.34934373507251,1.0,0.2,0.20144030424404255
224.0,5.0,36.0,14.640490060450137,1.0,0.2,0.20151189505669606
224.0,5.0,37.0,8.7452869973761,1.0,0.2,0.20095467330160105
224.0,5.0,38.0,4.598132679351874,1.0,0.2,0.19786947048040673
224.0,5.0,39.0,8.572088002920529,1.0,0.2,0.19802524749882144
224.0,5.0,40.0,6.223531170859355,1.0,0.2,0.19762133589620376
224.0,5.0,41.0,7.43792847802007,1.0,0.2,0.20063062010977462
224.0,5.0,42.0,10.026425474625626,1.0,0.2,0.1991059454626732
224.0,5.0,43.0,15.803892895178702,1.0,0.2,0.20013107721639656
224.0,5.0,44.0,2.6500637328517684,1.0,0.2,0.20089654358853368
224.0,5.0,45.0,9.77730295832345,1.0,0.2,0.20082066135650495
224.0,5.0,46.0,11.321096689492189,1.0,0.2,0.20075500011723604
224.0,5.0,47.0,10.108920306684261,1.0,0.2,0.1953016837122058
224.0,5.0,48.0,7.01486324374023,1.0,0.2,0.20184608540925267
224.0,5.0,49.0,16.94307294000613,1.0,0.2,0.20434976247030878
224.0,5.0,50.0,15.267865096595761,1.0,0.2,0.19646785242913709
224.0,5.0,51.0,15.36510578015075,1.0,0.2,0.20161790017211703
224.0,5.0,52.0,6.3390710301501505,1.0,0.2,0.2014081093835695
224.0,5.0,53.0,3.9698581319665442,1.0,0.2,0.20050246770305943
224.0,5.0,54.0,5.378612417512844,1.0,0.2,0.2013021589698906
224.0,5.0,55.0,6.4337300079673385,1.0,0.2,0.20104985640977355
224.0,5.0,56.0,17.11489880983133,1.0,0.2,0.19892952720785012
224.0,5.0,57.0,5.38279317528665,1.0,0.2,0.19777330200290924
224.0,5.0,58.0,90.03730719508982,1.0,0.2,0.19961808331112887
224.0,5.0,59.0,39.256031817386784,1.0,0.2,0.20290178571428572
224.0,5.0,60.0,9.272863703273861,1.0,0.2,0.20306748466257668
224.0,5.0,61.0,7.335472045756264,1.0,0.2,0.19411007222439952
224.0,5.0,62.0,3.8631760004687665,1.0,0.2,0.20298050139275767
224.0,5.0,63.0,6.580012750241823,1.0,0.2,0.1939966373256849
224.0,5.0,64.0,10.225738505383559,1.0,0.2,0.19796297793226092
224.0,5.0,65.0,5.404700706651634,1.0,0.2,0.19852046769108556
224.0,5.0,66.0,7.671709136643397,1.0,0.2,0.198931218755387
224.0,5.0,67.0,10.90207066160546,1.0,0.2,0.2015457342237563
224.0,5.0,68.0,2.7743661434419273,1.0,0.2,0.20111158233075155
224.0,5.0,69.0,8.160586406539787,1.0,0.2,0.20204351810991547
224.0,5.0,70.0,33.41152203267922,1.0,0.2,0.19629344619725536
224.0,5.0,71.0,2.616051878763558,1.0,0.2,0.2021741003475114
224.0,5.0,72.0,67.407535522978,1.0,0.2,0.1971155999462534
224.0,5.0,73.0,6.000160788859015,1.0,0.2,0.20057505973794082
224.0,5.0,74.0,4.0567784141619585,1.0,0.2,0.20027484741926357
224.0,5.0,75.0,8.086535794831475,1.0,0.2,0.2023507498635152
224.0,5.0,76.0,7.219541725096706,1.0,0.2,0.1999372675538827
224.0,5.0,77.0,6.059187596947704,1.0,0.2,0.20090634441087613
224.0,5.0,78.0,20.057705520207193,1.0,0.2,0.20144731830615284
224.0,5.0,79.0,47.59715433164733,1.0,0.2,0.201582264336477
224.0,5.0,80.0,3.178400344163253,1.0,0.2,0.1980593305483581
224.0,5.0,81.0,15.877786779572638,1.0,0.2,0.19981191959562714
224.0,5.0,82.0,3.4648783776048244,1.0,0.2,0.20129171151776104
224.0,5.0,83.0,10.204462323751534,1.0,0.2,0.1982568672575038
224.0,5.0,84.0,3.1757443195271953,1.0,0.2,0.20037241994282567
224.0,5.0,85.0,3.3758768898587963,1.0,0.2,0.1996730992302014
224.0,5.0,86.0,3.145483202115366,1.0,0.2,0.20472071181413742
224.0,5.0,87.0,4.264555196597369,1.0,0.2,0.20024057344854673
224.0,5.0,88.0,9.039676767818984,1.0,0.2,0.1997689896045322
224.0,5.0,89.0,4.8662033849778705,1.0,0.2,0.20000751060873484
224.0,5.0,90.0,46.11160255089137,1.0,0.2,0.20250233759294714
224.0,5.0,91.0,5.291220884643439,1.0,0.2,0.20017294691053927
224.0,5.0,92.0,4.802026072978842,1.0,0.2,0.20145931239178827
224.0,5.0,93.0,9.867381579241002,1.0,0.2,0.19837654004106775
224.0,5.0,94.0,10.28539718761247,1.0,0.2,0.1980439258750858
224.0,5.0,95.0,3.4050503199865614,1.0,0.2,0.1985578309777906
224.0,5.0,96.0,6.031785166260924,1.0,0.2,0.2002443572760594
224.0,5.0,97.0,29.96121357621951,1.0,0.2,0.20295941305797782
224.0,5.0,98.0,6.955601775966972,1.0,0.2,0.19724359453200865
224.0,5.0,99.0,18.165334338863016,1.0,0.2,0.19845651194231637
226.0,5.0,0.0,7.807845236733496,1.0,0.2,0.20005171203782365
226.0,5.0,1.0,7.664322592405124,1.0,0.2,0.2033930373360242
226.0,5.0,2.0,4.713565671185162,1.0,0.2,0.20247356872132455
226.0,5.0,3.0,35.356602126260135,1.0,0.2,0.1985994293971618
226.0,5.0,4.0,7.89048440990566,1.0,0.2,0.19932136130321634
226.0,5.0,5.0,7.332430481406119,1.0,0.2,0.2016025424301846
226.0,5.0,6.0,6.258709728563595,1.0,0.2,0.2012453630100689
226.0,5.0,7.0,17.44427049063862,1.0,0.2,0.20195872964694503
226.0,5.0,8.0,12.623959480775978,1.0,0.2,0.20023785678517778
226.0,5.0,9.0,45.391562107595334,1.0,0.2,0.20271333071175776
226.0,5.0,10.0,5.0374517203622675,1.0,0.2,0.19726476586555763
226.0,5.0,11.0,14.757451267618585,1.0,0.2,0.1990153464029096
226.0,5.0,12.0,5.843415025666327,1.0,0.2,0.2034484287044014
226.0,5.0,13.0,4.804267366027001,1.0,0.2,0.2020539650244635
226.0,5.0,14.0,12.031703934525101,1.0,0.2,0.20148171500630516
226.0,5.0,15.0,10.411171796477788,1.0,0.2,0.20018909549322408
226.0,5.0,16.0,4.8192827591695275,1.0,0.2,0.20022381378692927
226.0,5.0,17.0,27.830552316311678,1.0,0.2,0.2001374959560013
226.0,5.0,18.0,3.286416939363292,1.0,0.2,0.19931648013357334
226.0,5.0,19.0,2.9739948939903726,1.0,0.2,0.19916736053288925
226.0,5.0,20.0,6.403566628991392,1.0,0.2,0.19502410956683822
226.0,5.0,21.0,23.3182094874838,1.0,0.2,0.19745695626360577
226.0,5.0,22.0,4.300250449545343,1.0,0.2,0.20220535357570915
226.0,5.0,23.0,3.4839133717930952,1.0,0.2,0.19831659775546367
226.0,5.0,24.0,8.376257527663862,1.0,0.2,0.20067474189090317
226.0,5.0,25.0,4.719494131164817,1.0,0.2,0.20075547161426507
226.0,5.0,26.0,16.18443953224945,1.0,0.2,0.20265570660765098
226.0,5.0,27.0,11.774823744575686,1.0,0.2,0.1983536909187467
226.0,5.0,28.0,8.402071132941554,1.0,0.2,0.19896117291682017
226.0,5.0,29.0,10.160760702975164,1.0,0.2,0.19794769943727242
226.0,5.0,30.0,3.096878264904349,1.0,0.2,0.20110296590221266
226.0,5.0,31.0,5.225419636902872,1.0,0.2,0.20148795304074807
226.0,5.0,32.0,16.901974025940593,1.0,0.2,0.20143913651808915
226.0,5.0,33.0,6.905219763587572,1.0,0.2,0.19691305920655974
226.0,5.0,34.0,5.8884738419308045,1.0,0.2,0.19912484767918467
226.0,5.0,35.0,3.5859934684253667,1.0,0.2,0.19945793462027767
226.0,5.0,36.0,136.1822062968635,1.0,0.2,0.20212161394203448
226.0,5.0,37.0,8.630190965347206,1.0,0.2,0.20276379139255393
226.0,5.0,38.0,6.5042864700835805,1.0,0.2,0.20023834164393012
226.0,5.0,39.0,5.854712767675792,1.0,0.2,0.20087884494664154
226.0,5.0,40.0,11.557038945409056,1.0,0.2,0.20238024924694348
226.0,5.0,41.0,6.015098924153981,1.0,0.2,0.19699328381443756
226.0,5.0,42.0,34.02174952907512,1.0,0.2,0.20304568527918782
226.0,5.0,43.0,11.23496148395493,1.0,0.2,0.20107323232323232
226.0,5.0,44.0,5.2260178014355265,1.0,0.2,0.20076526297987485
226.0,5.0,45.0,2.86178037337496,1.0,0.2,0.19759561460324482
226.0,5.0,46.0,17.235762185911355,1.0,0.2,0.20069226128100093
226.0,5.0,47.0,4.427029324687182,1.0,0.2,0.19909480001967825
226.0,5.0,48.0,35.427246125597875,1.0,0.2,0.19864958667255633
226.0,5.0,49.0,5.671760586728567,1.0,0.2,0.19635941130906273
226.0,5.0,50.0,5.094338514386317,1.0,0.2,0.19787328311918476
226.0,5.0,51.0,94.37431621124014,1.0,0.2,0.19821367227756784
226.0,5.0,52.0,11.174306316258825,1.0,0.2,0.19784745483498983
226.0,5.0,53.0,10.912786270789043,1.0,0.2,0.19965499616662408
226.0,5.0,54.0,10.889813546942214,1.0,0.2,0.1976943831248467
226.0,5.0,55.0,14.292669128339654,1.0,0.2,0.19843995290423863
226.0,5.0,56.0,11.65994848461147,1.0,0.2,0.20329739612886955
226.0,5.0,57.0,22.22646825732178,1.0,0.2,0.19741605292722506
226.0,5.0,58.0,20.651205090839884,1.0,0.2,0.19562173857706502
226.0,5.0,59.0,13.370183370998058,1.0,0.2,0.19963820214295655
226.0,5.0,60.0,3.7723318533891095,1.0,0.2,0.20325254698474973
226.0,5.0,61.0,3.2814975809092326,1.0,0.2,0.19924132151206386
226.0,5.0,62.0,3.2763650863348417,1.0,0.2,0.20160036579789667
226.0,5.0,63.0,8.401822640367495,1.0,0.2,0.20020697046974906
226.0,5.0,64.0,8.236240287544808,1.0,0.2,0.2017433444521367
226.0,5.0,65.0,9.723176473072785,1.0,0.2,0.19739879261363635
226.0,5.0,66.0,38.93929972527992,1.0,0.2,0.19552271724746362
226.0,5.0,67.0,27.753875451943117,1.0,0.2,0.1967713787085515
226.0,5.0,68.0,54.32458824346825,1.0,0.2,0.1966265225126591
226.0,5.0,69.0,15.763871477714488,1.0,0.2,0.20074008939693705
226.0,5.0,70.0,7.091773896958082,1.0,0.2,0.20056295994845186
226.0,5.0,71.0,59.40155341060803,1.0,0.2,0.19857114506846596
226.0,5.0,72.0,11.982330822818371,1.0,0.2,0.19761952794028648
226.0,5.0,73.0,6.41201066238921,1.0,0.2,0.20872874654013443
226.0,5.0,74.0,3.6497859334047362,1.0,0.2,0.20253637970896232
226.0,5.0,75.0,18.79009109677957,1.0,0.2,0.20303908827351794
226.0,5.0,76.0,7.168243685800198,1.0,0.2,0.19767054908485857
226.0,5.0,77.0,3.832417069963044,1.0,0.2,0.19954988747186797
226.0,5.0,78.0,8.781182336665523,1.0,0.2,0.2007955215085445
226.0,5.0,79.0,32.37687001966002,1.0,0.2,0.2004574000798635
226.0,5.0,80.0,6.338724470523142,1.0,0.2,0.2031863694197046
226.0,5.0,81.0,13.736831564983063,1.0,0.2,0.19948953170082118
226.0,5.0,82.0,105.88262662883272,1.0,0.2,0.20037037037037037
226.0,5.0,83.0,7.572231390984459,1.0,0.2,0.1995131352064104
226.0,5.0,84.0,10.722120307331307,1.0,0.2,0.1933997454689077
226.0,5.0,85.0,6.205448544784162,1.0,0.2,0.20190344615856934
226.0,5.0,86.0,9.934456646834391,1.0,0.2,0.20023510971786834
226.0,5.0,87.0,33.84548135095589,1.0,0.2,0.2067740144364242
226.0,5.0,88.0,7.660302177177815,1.0,0.2,0.2054895595071202
226.0,5.0,89.0,92.17573368156894,1.0,0.2,0.1990746919346946
226.0,5.0,90.0,32.958806995370495,1.0,0.2,0.20033653370286053
226.0,5.0,91.0,3.2370394867614523,1.0,0.2,0.2016808922867466
226.0,5.0,92.0,8.185346630342984,1.0,0.2,0.19938972537641939
226.0,5.0,93.0,3.670172761591816,1.0,0.2,0.19999116549241336
226.0,5.0,94.0,3.633708635144117,1.0,0.2,0.20260413116095166
226.0,5.0,95.0,2.7444931494561313,1.0,0.2,0.19710866377987657
226.0,5.0,96.0,7.073150646188647,1.0,0.2,0.2022921522921523
226.0,5.0,97.0,15.72562142604906,1.0,0.2,0.20112052232221633
226.0,5.0,98.0,6.501582643660989,1.0,0.2,0.20288637374586072
226.0,5.0,99.0,11.142614056927084,1.0,0.2,0.2026980065080719
228.0,5.0,0.0,5.77124325586848,1.0,0.2,0.19601897588888345
228.0,5.0,1.0,5.247121475893518,1.0,0.2,0.19764637792997009
228.0,5.0,2.0,4.66290748555439,1.0,0.2,0.19981942473881079
228.0,5.0,3.0,3.274705048211697,1.0,0.2,0.2027150119002145
228.0,5.0,4.0,61.60072253142611,1.0,0.2,0.19592294445111938
228.0,5.0,5.0,18.562647404904197,1.0,0.2,0.20101590106007067
228.0,5.0,6.0,4.350329435821777,1.0,0.2,0.20311581422692535
228.0,5.0,7.0,14.867773706937955,1.0,0.2,0.20117981210399824
228.0,5.0,8.0,99.327909163954,1.0,0.2,0.19820213799805636
228.0,5.0,9.0,4.503281860527695,1.0,0.2,0.2006125574272588
228.0,5.0,10.0,30.337361093328155,1.0,0.2,0.19903666255324232
228.0,5.0,11.0,13.116478535227001,1.0,0.2,0.1968431234611326
228.0,5.0,12.0,5.860550051284305,1.0,0.2,0.19998035556428642
228.0,5.0,13.0,137.49463906539884,1.0,0.2,0.2009787295896119
228.0,5.0,14.0,14.403729649525754,1.0,0.2,0.1992435630121709
228.0,5.0,15.0,12.126386827568584,1.0,0.2,0.2011703924977351
228.0,5.0,16.0,9.743446094065995,1.0,0.2,0.20026932872742176
228.0,5.0,17.0,27.74740610527365,1.0,0.2,0.19742782870433712
228.0,5.0,18.0,2.7513651476208483,1.0,0.2,0.20144273235842575
228.0,5.0,19.0,56.02951822161687,1.0,0.2,0.20096380223660978
228.0,5.0,20.0,16.841496500414905,1.0,0.2,0.19962762356127284
228.0,5.0,21.0,50.88037609980252,1.0,0.2,0.19990136445832649
228.0,5.0,22.0,6.9118689037989585,1.0,0.2,0.20152352408604166
228.0,5.0,23.0,10.504274894187983,1.0,0.2,0.19910596511798329
228.0,5.0,24.0,3.4905005082815985,1.0,0.2,0.1981847350724128
228.0,5.0,25.0,55.129576532486475,1.0,0.2,0.19899053627760252
228.0,5.0,26.0,5.63637855152131,1.0,0.2,0.2031845629659616
228.0,5.0,27.0,34.345532355052185,1.0,0.2,0.20015079639345293
228.0,5.0,28.0,8.569599301282564,1.0,0.2,0.20103107882480448
228.0,5.0,29.0,16.910574010784046,1.0,0.2,0.20014073180538802
228.0,5.0,30.0,37.092380314372065,1.0,0.2,0.20069697449706955
228.0,5.0,31.0,49.878944069494494,1.0,0.2,0.20380220646178093
228.0,5.0,32.0,11.043192061085579,1.0,0.2,0.19951742291301078
228.0,5.0,33.0,12.741688154134264,1.0,0.2,0.1983241159711748
228.0,5.0,34.0,17.192539016580934,1.0,0.2,0.19933083609120994
228.0,5.0,35.0,34.2289562547098,1.0,0.2,0.1987847222222222
228.0,5.0,36.0,10.415866713233559,1.0,0.2,0.19731549219450176
228.0,5.0,37.0,8.018735623114159,1.0,0.2,0.2020621895918808
228.0,5.0,38.0,7.769194998696856,1.0,0.2,0.20188207616526982
228.0,5.0,39.0,4.365031068468952,1.0,0.2,0.19893266227004514
228.0,5.0,40.0,3.8415670851399377,1.0,0.2,0.20205004742102575
228.0,5.0,41.0,8.926266388486555,1.0,0.2,0.20407654428722807
228.0,5.0,42.0,14.806908492256381,1.0,0.2,0.20156542453632806
228.0,5.0,43.0,40.383643560270585,1.0,0.2,0.19620456738501127
228.0,5.0,44.0,6.574008885954401,1.0,0.2,0.20166739319965127
228.0,5.0,45.0,23.988295595360558,1.0,0.2,0.19578392621870883
228.0,5.0,46.0,6.844329781004372,1.0,0.2,0.19547103225174003
228.0,5.0,47.0,19.148695935640774,1.0,0.2,0.20202842296375134
228.0,5.0,48.0,105.24095084248441,1.0,0.2,0.20159061151253577
228.0,5.0,49.0,5.892137812963285,1.0,0.2,0.20426996740762443
228.0,5.0,50.0,6.509080492701124,1.0,0.2,0.19964833759590792
228.0,5.0,51.0,10.923651428463863,1.0,0.2,0.2014545038080513
228.0,5.0,52.0,111.42398916577093,1.0,0.2,0.20122450947307524
228.0,5.0,53.0,10.85055345194517,1.0,0.2,0.19659949622166248
228.0,5.0,54.0,5.114765604902241,1.0,0.2,0.19579004920721707
228.0,5.0,55.0,6.480603823694609,1.0,0.2,0.2031313733488124
228.0,5.0,56.0,46.84446169008608,1.0,0.2,0.20148385595739732
228.0,5.0,57.0,4.879459841373233,1.0,0.2,0.1991913484021824
228.0,5.0,58.0,16.387793652161893,1.0,0.2,0.20313344138303618
228.0,5.0,59.0,3.6685116430691718,1.0,0.2,0.19356906840262367
228.0,5.0,60.0,11.580154389048822,1.0,0.2,0.19804946011842564
228.0,5.0,61.0,7.410318826849423,1.0,0.2,0.2004575139283474
228.0,5.0,62.0,25.405987669113987,1.0,0.2,0.20394653889799522
228.0,5.0,63.0,16.08262494080083,1.0,0.2,0.1994590025359256
228.0,5.0,64.0,44.07735877462769,1.0,0.2,0.19990137459162916
228.0,5.0,65.0,9.867502610540312,1.0,0.2,0.20023429491872896
228.0,5.0,66.0,37.180116111292946,1.0,0.2,0.1986211584211293
228.0,5.0,67.0,10.7275249906552,1.0,0.2,0.20313848144952545
228.0,5.0,68.0,10.177603914273043,1.0,0.2,0.1995925778309198
228.0,5.0,69.0,13.97913607154017,1.0,0.2,0.20197333072827628
228.0,5.0,70.0,18.23148758601312,1.0,0.2,0.20353322812554794
228.0,5.0,71.0,15.117188224550988,1.0,0.2,0.20012701436850044
228.0,5.0,72.0,9.363474842369017,1.0,0.2,0.20401374073404446
228.0,5.0,73.0,5.552242967640086,1.0,0.2,0.2017554091094652
228.0,5.0,74.0,46.76256720336778,1.0,0.2,0.1999613414516285
228.0,5.0,75.0,29.175872797950632,1.0,0.2,0.20333898526151037
228.0,5.0,76.0,4.320906727594961,1.0,0.2,0.19763848165464776
228.0,5.0,77.0,13.05770340553714,1.0,0.2,0.19735638027452973
228.0,5.0,78.0,54.725391974577775,1.0,0.2,0.20143846277709193
228.0,5.0,79.0,7.255638029929439,1.0,0.2,0.2012424534079972
228.0,5.0,80.0,27.294982675572736,1.0,0.2,0.20110781577110956
228.0,5.0,81.0,123.11115472999516,1.0,0.2,0.19658721083648517
228.0,5.0,82.0,22.08798577412531,1.0,0.2,0.20230724990696572
228.0,5.0,83.0,10.71046798790806,1.0,0.2,0.2050756466569058
228.0,5.0,84.0,5.698383239413206,1.0,0.2,0.19892527628510595
228.0,5.0,85.0,12.314104325122157,1.0,0.2,0.19584231208011155
228.0,5.0,86.0,12.674913506593917,1.0,0.2,0.2004964508121761
228.0,5.0,87.0,15.032630763397504,1.0,0.2,0.19959864911164407
228.0,5.0,88.0,5.378471899607882,1.0,0.2,0.19772978692703574
228.0,5.0,89.0,5.516344476256444,1.0,0.2,0.20027335052796333
228.0,5.0,90.0,6.013494989355009,1.0,0.2,0.20112004977999023
228.0,5.0,91.0,3.725594888374621,1.0,0.2,0.20158153671792495
228.0,5.0,92.0,23.83911186018248,1.0,0.2,0.20010452354683236
228.0,5.0,93.0,23.190186016661382,1.0,0.2,0.1954866626499425
228.0,5.0,94.0,6.461466776060333,1.0,0.2,0.2019329388560158
228.0,5.0,95.0,13.967482376054722,1.0,0.2,0.2021282371464249
228.0,5.0,96.0,5.344157718464976,1.0,0.2,0.1956369677362945
228.0,5.0,97.0,67.81492138972932,1.0,0.2,0.20242753623188406
228.0,5.0,98.0,6.5201452089311696,1.0,0.2,0.2009914575310937
228.0,5.0,99.0,28.328204676793714,1.0,0.2,0.19718103068565557
230.0,5.0,0.0,10.76480070296703,1.0,0.2,0.20512152777777778
230.0,5.0,1.0,13.468872394708917,1.0,0.2,0.19805350674289704
230.0,5.0,2.0,7.5032071863806,1.0,0.2,0.2009705896698044
230.0,5.0,3.0,8.7667543356547,1.0,0.2,0.20164057473729358
230.0,5.0,4.0,11.405164921971863,1.0,0.2,0.20701625554925066
230.0,5.0,5.0,12.92480647946899,1.0,0.2,0.20312754520280177
230.0,5.0,6.0,12.566753988208262,1.0,0.2,0.19775839614823001
230.0,5.0,7.0,7.766307833883747,1.0,0.2,0.20203504189792143
230.0,5.0,8.0,3.8308090308959386,1.0,0.2,0.20062530955918773
230.0,5.0,9.0,4.5580187236977165,1.0,0.2,0.20192587209302326
230.0,5.0,10.0,48.3655877909867,1.0,0.2,0.2050021748586342
230.0,5.0,11.0,59.08891096620701,1.0,0.2,0.20189818809318377
230.0,5.0,12.0,62.27140722345224,1.0,0.2,0.19923954372623573
230.0,5.0,13.0,14.58156917956263,1.0,0.2,0.20341200196217366
230.0,5.0,14.0,6.627898916782308,1.0,0.2,0.1993368441583772
230.0,5.0,15.0,7.125686089725178,1.0,0.2,0.20378355071682655
230.0,5.0,16.0,18.82614312282208,1.0,0.2,0.19814939301672663
230.0,5.0,17.0,19.6268096903227,1.0,0.2,0.19940132717830353
230.0,5.0,18.0,14.098558443426914,1.0,0.2,0.19761383004626248
230.0,5.0,19.0,10.807543542419204,1.0,0.2,0.19479793904028803
230.0,5.0,20.0,8.290641177083623,1.0,0.2,0.2004426481909161
230.0,5.0,21.0,6.38234036174737,1.0,0.2,0.20241641286522308
230.0,5.0,22.0,55.83067301119811,1.0,0.2,0.20193479885170473
230.0,5.0,23.0,5.65693752585586,1.0,0.2,0.1996238043782767
230.0,5.0,24.0,7.915173322715786,1.0,0.2,0.19803285894829387
230.0,5.0,25.0,15.12599628370621,1.0,0.2,0.2031327625003653
230.0,5.0,26.0,26.066510200160863,1.0,0.2,0.19905008635578583
230.0,5.0,27.0,33.204410455099286,1.0,0.2,0.20135236664162284
230.0,5.0,28.0,10.048705263030374,1.0,0.2,0.2024675580023594
230.0,5.0,29.0,134.82261007691088,1.0,0.2,0.20113124340906913
230.0,5.0,30.0,8.273061394588213,1.0,0.2,0.20431842154247068
230.0,5.0,31.0,33.70055616040556,1.0,0.2,0.20535239843485822
230.0,5.0,32.0,5.645885970857741,1.0,0.2,0.20570529855198222
230.0,5.0,33.0,9.728527369441048,1.0,0.2,0.1966515637086971
230.0,5.0,34.0,86.25905536413222,1.0,0.2,0.20403461801880332
230.0,5.0,35.0,40.591254682706136,1.0,0.2,0.1984413965087282
230.0,5.0,36.0,11.86865142366192,1.0,0.2,0.19816265874088085
230.0,5.0,37.0,12.395116585058448,1.0,0.2,0.1995779174061106
230.0,5.0,38.0,26.188558464029743,1.0,0.2,0.19871424443802368
230.0,5.0,39.0,16.6992544328809,1.0,0.2,0.2000327564557515
230.0,5.0,40.0,7.292205269196848,1.0,0.2,0.205548315025135
230.0,5.0,41.0,9.377925187081784,1.0,0.2,0.19620577006336837
230.0,5.0,42.0,10.634545289509417,1.0,0.2,0.20124570992754545
230.0,5.0,43.0,30.764888859294572,1.0,0.2,0.19841477223238393
230.0,5.0,44.0,15.80075508791151,1.0,0.2,0.19848108660727326
230.0,5.0,45.0,9.22289941931491,1.0,0.2,0.1995180425111221
230.0,5.0,46.0,52.62235834270817,1.0,0.2,0.19754708716600963
230.0,5.0,47.0,37.95212988009992,1.0,0.2,0.2001748729438767
230.0,5.0,48.0,5.342609752629504,1.0,0.2,0.2012527101903156
230.0,5.0,49.0,37.48231754348257,1.0,0.2,0.20696358374011836
230.0,5.0,50.0,10.699730001659603,1.0,0.2,0.19912302070645554
230.0,5.0,51.0,60.00006215857814,1.0,0.2,0.2002140903143956
230.0,5.0,52.0,9.887221278641436,1.0,0.2,0.19824972651976872
230.0,5.0,53.0,74.69888706796098,1.0,0.2,0.19749727965179542
230.0,5.0,54.0,5.877473218814505,1.0,0.2,0.20114503816793894
230.0,5.0,55.0,46.05880422309597,1.0,0.2,0.20071150425460316
230.0,5.0,56.0,14.609914060849157,1.0,0.2,0.20016092096305008
230.0,5.0,57.0,6.6547661913631035,1.0,0.2,0.20048004654996848
230.0,5.0,58.0,9.248911778348921,1.0,0.2,0.19756388822545976
230.0,5.0,59.0,6.305055377517168,1.0,0.2,0.1976889444097439
230.0,5.0,60.0,29.36805515459104,1.0,0.2,0.20016917241943846
230.0,5.0,61.0,6.114271771448046,1.0,0.2,0.1991699265337277
230.0,5.0,62.0,9.79776526487273,1.0,0.2,0.20030260139587094
230.0,5.0,63.0,75.94381180518978,1.0,0.2,0.199912510936133
230.0,5.0,64.0,20.69696179208327,1.0,0.2,0.19255744255744256
230.0,5.0,65.0,7.05734353410929,1.0,0.2,0.20404541040152707
230.0,5.0,66.0,8.969626008367763,1.0,0.2,0.2040064902646031
230.0,5.0,67.0,6.42302921322224,1.0,0.2,0.20295255840619178
230.0,5.0,68.0,6.401970191073228,1.0,0.2,0.20014416146083613
230.0,5.0,69.0,8.61328999843493,1.0,0.2,0.1983946955156168
230.0,5.0,70.0,24.006701754965267,1.0,0.2,0.20166830225711482
230.0,5.0,71.0,16.905914625508295,1.0,0.2,0.19986002362101396
230.0,5.0,72.0,34.8949452447718,1.0,0.2,0.20447494251195386
230.0,5.0,73.0,19.16525836443503,1.0,0.2,0.1931515474403061
230.0,5.0,74.0,3.6545522015724607,1.0,0.2,0.19175562608193883
230.0,5.0,75.0,30.840826903825945,1.0,0.2,0.1974341661039838
230.0,5.0,76.0,6.023431229698089,1.0,0.2,0.19926518262373027
230.0,5.0,77.0,45.64760636223934,1.0,0.2,0.19815224713694543
230.0,5.0,78.0,67.58283838049294,1.0,0.2,0.20263913495021077
230.0,5.0,79.0,3.5845529276301282,1.0,0.2,0.20033322467311385
230.0,5.0,80.0,135.16835159090877,1.0,0.2,0.1971815949610334
230.0,5.0,81.0,3.9070311657091454,1.0,0.2,0.2021245634458673
230.0,5.0,82.0,5.038534816963301,1.0,0.2,0.19855792866116787
230.0,5.0,83.0,17.57875336800638,1.0,0.2,0.19904076738609114
230.0,5.0,84.0,5.630487180032117,1.0,0.2,0.20077920691679566
230.0,5.0,85.0,13.838716309928206,1.0,0.2,0.2024251114366759
230.0,5.0,86.0,5.120002271857581,1.0,0.2,0.19317253770348997
230.0,5.0,87.0,6.225773129048893,1.0,0.2,0.20359712230215826
230.0,5.0,88.0,14.003305130898374,1.0,0.2,0.1971857063506758
230.0,5.0,89.0,22.867985588298293,1.0,0.2,0.20473061760841
230.0,5.0,90.0,81.73900307579362,1.0,0.2,0.2004884706558437
230.0,5.0,91.0,43.20179006047662,1.0,0.2,0.20099104581413543
230.0,5.0,92.0,67.77469015582211,1.0,0.2,0.19928669410150893
230.0,5.0,93.0,7.112765223984696,1.0,0.2,0.20237711089598795
230.0,5.0,94.0,12.216566222083742,1.0,0.2,0.20114691974915322
230.0,5.0,95.0,13.37821249589535,1.0,0.2,0.19933330687725703
230.0,5.0,96.0,8.266858217149712,1.0,0.2,0.19817193853683113
230.0,5.0,97.0,18.76753902865417,1.0,0.2,0.19996048211815848
230.0,5.0,98.0,10.796659126239211,1.0,0.2,0.2003349953256466
230.0,5.0,99.0,19.64994983546204,1.0,0.2,0.1995129261895841
232.0,5.0,0.0,47.37726810825386,1.0,0.2,0.19656207366984993
232.0,5.0,1.0,8.630680511387828,1.0,0.2,0.19938428976862763
232.0,5.0,2.0,6.199471879278285,1.0,0.2,0.20515835685167763
232.0,5.0,3.0,36.02710654285222,1.0,0.2,0.19919189482571464
232.0,5.0,4.0,5.464497555622356,1.0,0.2,0.20050160893431762
232.0,5.0,5.0,76.86662801179426,1.0,0.2,0.19901719901719903
232.0,5.0,6.0,8.876238923477255,1.0,0.2,0.20133004397726054
232.0,5.0,7.0,56.126034807746706,1.0,0.2,0.1971531258866925
232.0,5.0,8.0,8.774352129595865,1.0,0.2,0.1983632297663796
232.0,5.0,9.0,35.121263392983934,1.0,0.2,0.20047022695648
232.0,5.0,10.0,12.954803200525587,1.0,0.2,0.20308171745152354
232.0,5.0,11.0,45.61981920770982,1.0,0.2,0.19983422797600253
232.0,5.0,12.0,66.59399025494733,1.0,0.2,0.20050098598305174
232.0,5.0,13.0,5.338942893634329,1.0,0.2,0.20167841196406477
232.0,5.0,14.0,13.021942820297904,1.0,0.2,0.1995718654434251
232.0,5.0,15.0,60.02254579490593,1.0,0.2,0.19969642348923253
232.0,5.0,16.0,13.360417129854552,1.0,0.2,0.19828863712414552
232.0,5.0,17.0,23.143899415290562,1.0,0.2,0.1965280406684333
232.0,5.0,18.0,6.581842622975314,1.0,0.2,0.1982345039339858
232.0,5.0,19.0,20.743178018542306,1.0,0.2,0.20095238095238097
232.0,5.0,20.0,99.12701881110128,1.0,0.2,0.19993560849967804
232.0,5.0,21.0,5.634875991359237,1.0,0.2,0.20212500849550305
232.0,5.0,22.0,19.176179509461026,1.0,0.2,0.19785738198861735
232.0,5.0,23.0,26.86040157975832,1.0,0.2,0.20099282361193546
232.0,5.0,24.0,9.767144097210274,1.0,0.2,0.19563729683490164
232.0,5.0,25.0,10.26005002673326,1.0,0.2,0.1967857014161652
232.0,5.0,26.0,109.74651406729467,1.0,0.2,0.19991392296105015
232.0,5.0,27.0,10.947253811486542,1.0,0.2,0.20263722784421956
232.0,5.0,28.0,12.141433383420202,1.0,0.2,0.20394275993195238
232.0,5.0,29.0,24.05328732257394,1.0,0.2,0.20315073397780165
232.0,5.0,30.0,6.603222707647283,1.0,0.2,0.19534282018111254
232.0,5.0,31.0,3.804445024226533,1.0,0.2,0.20347228846704188
232.0,5.0,32.0,54.995320802719625,1.0,0.2,0.19853193681318682
232.0,5.0,33.0,9.82150601731129,1.0,0.2,0.1987382840663302
232.0,5.0,34.0,25.656112261492517,1.0,0.2,0.19577909904119128
232.0,5.0,35.0,19.733536511977448,1.0,0.2,0.1992972972972973
232.0,5.0,36.0,16.208557012702812,1.0,0.2,0.1970708593581736
232.0,5.0,37.0,5.319825340340112,1.0,0.2,0.20287595287595286
232.0,5.0,38.0,23.848327640165504,1.0,0.2,0.20217695872400043
232.0,5.0,39.0,10.405017612279194,1.0,0.2,0.2053479416390953
232.0,5.0,40.0,5.961619949014771,1.0,0.2,0.2004169362375099
232.0,5.0,41.0,20.156324726260966,1.0,0.2,0.20253897765120432
232.0,5.0,42.0,17.916870599843328,1.0,0.2,0.1963494509728376
232.0,5.0,43.0,28.005150039189942,1.0,0.2,0.19769457444964464
232.0,5.0,44.0,15.812071990855127,1.0,0.2,0.19505999824822634
232.0,5.0,45.0,5.232428715914057,1.0,0.2,0.19952479402598203
232.0,5.0,46.0,10.069525921061883,1.0,0.2,0.19931555345763513
232.0,5.0,47.0,18.582952296538483,1.0,0.2,0.20235684647302904
232.0,5.0,48.0,96.56530574735835,1.0,0.2,0.20292747837658018
232.0,5.0,49.0,5.931497466548379,1.0,0.2,0.19935334427178844
232.0,5.0,50.0,19.32144245768955,1.0,0.2,0.20105794662178408
232.0,5.0,51.0,10.321808740656017,1.0,0.2,0.20440590326403102
232.0,5.0,52.0,51.04880910633426,1.0,0.2,0.19771571168058355
232.0,5.0,53.0,33.25648717538886,1.0,0.2,0.20077531901146825
232.0,5.0,54.0,24.791333283272056,1.0,0.2,0.1992239892699751
232.0,5.0,55.0,50.31499529708762,1.0,0.2,0.19943318341445382
232.0,5.0,56.0,29.473135797060316,1.0,0.2,0.2001603688483512
232.0,5.0,57.0,5.060182446436401,1.0,0.2,0.19966784528018858
232.0,5.0,58.0,27.59561220316649,1.0,0.2,0.1966736737974527
232.0,5.0,59.0,39.64889105722734,1.0,0.2,0.19972943722943723
232.0,5.0,60.0,16.987762941308493,1.0,0.2,0.2013274336283186
232.0,5.0,61.0,18.606946478038466,1.0,0.2,0.19732369287217397
232.0,5.0,62.0,19.426848908782233,1.0,0.2,0.2010971560560127
232.0,5.0,63.0,5.579768119471642,1.0,0.2,0.2044341163170456
232.0,5.0,64.0,12.281433881921124,1.0,0.2,0.20292207792207792
232.0,5.0,65.0,5.768236799218196,1.0,0.2,0.2000191085845316
232.0,5.0,66.0,6.555290887396094,1.0,0.2,0.20123568718310333
232.0,5.0,67.0,8.470359112639882,1.0,0.2,0.19808701018204258
232.0,5.0,68.0,18.749255155522786,1.0,0.2,0.19864953169244173
232.0,5.0,69.0,38.09493682689054,1.0,0.2,0.2001396948205459
232.0,5.0,70.0,5.727350968341786,1.0,0.2,0.199285406271176
232.0,5.0,71.0,12.44744052192353,1.0,0.2,0.20070240396395414
232.0,5.0,72.0,23.428997591606326,1.0,0.2,0.20070346708778983
232.0,5.0,73.0,6.100684677433336,1.0,0.2,0.19951842041897425
232.0,5.0,74.0,36.04459398696314,1.0,0.2,0.20367979341510653
232.0,5.0,75.0,32.707429404106016,1.0,0.2,0.201254414809402
232.0,5.0,76.0,5.701954850514361,1.0,0.2,0.19867429070910878
232.0,5.0,77.0,15.897865591405365,1.0,0.2,0.1959540054391908
232.0,5.0,78.0,14.560726698038637,1.0,0.2,0.2040475394969214
232.0,5.0,79.0,126.40328352114537,1.0,0.2,0.20468654899573951
232.0,5.0,80.0,5.42000835893695,1.0,0.2,0.199716791024454
232.0,5.0,81.0,5.986168773520264,1.0,0.2,0.20190260777009048
232.0,5.0,82.0,20.821954284142357,1.0,0.2,0.1998426435877262
232.0,5.0,83.0,5.3819275354876,1.0,0.2,0.2008099352051836
232.0,5.0,84.0,5.609075363932022,1.0,0.2,0.19536166910940597
232.0,5.0,85.0,8.132180445693976,1.0,0.2,0.20307213061925988
232.0,5.0,86.0,27.428567137231184,1.0,0.2,0.19712703357563172
232.0,5.0,87.0,19.531797966021628,1.0,0.2,0.20495549675246572
232.0,5.0,88.0,10.927304448880115,1.0,0.2,0.19877958579881658
232.0,5.0,89.0,32.13684276773158,1.0,0.2,0.19877989526534579
232.0,5.0,90.0,51.0396610549555,1.0,0.2,0.20026624068157614
232.0,5.0,91.0,10.197286021223654,1.0,0.2,0.19918923899023402
232.0,5.0,92.0,3.92962215239031,1.0,0.2,0.19966996699669967
232.0,5.0,93.0,12.008352119316635,1.0,0.2,0.1965502424651648
232.0,5.0,94.0,6.3893768472435015,1.0,0.2,0.2000071622976651
232.0,5.0,95.0,11.243569874505155,1.0,0.2,0.19984616124224797
232.0,5.0,96.0,7.350558278195203,1.0,0.2,0.20020439997848422
232.0,5.0,97.0,47.97130390066998,1.0,0.2,0.19596624231154341
232.0,5.0,98.0,21.040169517312066,1.0,0.2,0.20186898064270048
232.0,5.0,99.0,6.900651821802778,1.0,0.2,0.1961520190023753
